"","DataSet","Pop_Name","Pop_ID","CU_Name","CU_ID"
"1","Sk_Fraser","Chilko River",46843,"Chilko - Summer","L-06-03"
"2","Sk_Fraser","S. End Chilko Lake",45081,"Chilko - Early Summer","L-06-02"
"3","Sk_Fraser","Taseko Lake",46853,"Taseko - Early Summer","L-06-16"
"4","Sk_Fraser","Adams River, lower",46238,"Shuswap - Early Summer","L-09-02"
"5","Sk_Fraser","Adams River, lower",46239,"Shuswap - Early Summer","L-09-03"
"6","Sk_Fraser","Adams River, upper",46249,"Shuswap - Early Summer","L-09-03"
"7","Sk_Fraser","Anstey River",46348,"Shuswap - Early Summer","L-09-02"
"8","Sk_Fraser","Anstey River",46349,"Shuswap - Early Summer","L-09-03"
"9","Sk_Fraser","Eagle River",46358,"Shuswap - Early Summer","L-09-02"
"10","Sk_Fraser","Eagle River",46359,"Shuswap - Early Summer","L-09-03"
"11","Sk_Fraser","Momich River, lower",NA,"Shuswap - Early Summer",NA
"12","Sk_Fraser","Scotch Creek",46288,"Shuswap - Early Summer","L-09-02"
"13","Sk_Fraser","Scotch Creek",46289,"Shuswap - Early Summer","L-09-03"
"14","Sk_Fraser","Seymour River",46328,"Shuswap - Early Summer","L-09-02"
"15","Sk_Fraser","Seymour River",46329,"Shuswap - Early Summer","L-09-03"
"16","Sk_Fraser","15 Mile Creek",45590,"Takla-Trembleur - Early Stuart","L-06-14"
"17","Sk_Fraser","25 Mile Creek",45587,"Takla-Trembleur - Early Stuart","L-06-14"
"18","Sk_Fraser","25 Mile Creek",46152,"Takla-Trembleur - Early Stuart","L-04-01"
"19","Sk_Fraser","Ankwill Creek",45596,"Takla-Trembleur - Early Stuart","L-06-14"
"20","Sk_Fraser","Bates Creek",45597,"Takla-Trembleur - Early Stuart","L-06-14"
"21","Sk_Fraser","Bivouac Creek",45574,"Takla-Trembleur - Early Stuart","L-06-14"
"22","Sk_Fraser","Blanchet Creek",45589,"Takla-Trembleur - Early Stuart","L-06-14"
"23","Sk_Fraser","Crow Creek",45583,"Takla-Trembleur - Early Stuart","L-06-14"
"24","Sk_Fraser","Driftwood River",45598,"Takla-Trembleur - Early Stuart","L-06-14"
"25","Sk_Fraser","Dust Creek",45581,"Takla-Trembleur - Early Stuart","L-06-14"
"26","Sk_Fraser","Dust Creek",45582,"Takla-Trembleur - Early Stuart","L-06-13"
"27","Sk_Fraser","Fleming Creek",45556,"Takla-Trembleur - Early Stuart","L-06-14"
"28","Sk_Fraser","Forfar Creek",45571,"Takla-Trembleur - Early Stuart","L-06-14"
"29","Sk_Fraser","French Creek",45595,"Takla-Trembleur - Early Stuart","L-06-14"
"30","Sk_Fraser","Frypan Creek",45593,"Takla-Trembleur - Early Stuart","L-06-14"
"31","Sk_Fraser","Gluske Creek",45572,"Takla-Trembleur - Early Stuart","L-06-14"
"32","Sk_Fraser","Hudson Bay Creek",45592,"Takla-Trembleur - Early Stuart","L-06-14"
"33","Sk_Fraser","Kastberg Creek",45605,"Takla-Trembleur - Early Stuart","L-06-14"
"34","Sk_Fraser","Kazchek Creek",45559,"Takla-Trembleur - Early Stuart","L-06-14"
"35","Sk_Fraser","Kazchek Creek",45560,"Takla-Trembleur - Early Stuart","L-06-13"
"36","Sk_Fraser","Kotsine River",45603,"Takla-Trembleur - Early Stuart","L-06-14"
"37","Sk_Fraser","Leo Creek",45575,"Takla-Trembleur - Early Stuart","L-06-14"
"38","Sk_Fraser","Lion Creek",45601,"Takla-Trembleur - Early Stuart","L-06-14"
"39","Sk_Fraser","Lion Creek",46772,"Takla-Trembleur - Early Stuart","L-10-01"
"40","Sk_Fraser","Lovell Creek",45594,"Takla-Trembleur - Early Stuart","L-06-14"
"41","Sk_Fraser","Maclaing Creek",45591,"Takla-Trembleur - Early Stuart","L-06-14"
"42","Sk_Fraser","McDougall Creek",45579,"Takla-Trembleur - Early Stuart","L-06-14"
"43","Sk_Fraser","Narrows Creek",45586,"Takla-Trembleur - Early Stuart","L-06-14"
"44","Sk_Fraser","O'Ne-ell Creek",45570,"Takla-Trembleur - Early Stuart","L-06-14"
"45","Sk_Fraser","Paula Creek",45557,"Takla-Trembleur - Early Stuart","L-06-14"
"46","Sk_Fraser","Point Creek",45585,"Takla-Trembleur - Early Stuart","L-06-14"
"47","Sk_Fraser","Sakeniche River",45577,"Takla-Trembleur - Early Stuart","L-06-14"
"48","Sk_Fraser","Sakeniche River",45578,"Takla-Trembleur - Early Stuart","L-06-13"
"49","Sk_Fraser","Sandpoint Creek",45576,"Takla-Trembleur - Early Stuart","L-06-14"
"50","Sk_Fraser","Shale Creek",45588,"Takla-Trembleur - Early Stuart","L-06-14"
"51","Sk_Fraser","Sidney Creek",45558,"Takla-Trembleur - Early Stuart","L-06-14"
"52","Sk_Fraser","Sinta Creek",45580,"Takla-Trembleur - Early Stuart","L-06-14"
"53","Sk_Fraser","Van Decar Creek",45569,"Takla-Trembleur - Early Stuart","L-06-14"
"54","Sk_Fraser","Bear Creek",NA,"Harrison (D/S) - Late",NA
"55","Sk_Fraser","Big Silver Creek",46072,"Harrison (D/S) - Late","L-03-03"
"56","Sk_Fraser","Birkenhead River",46098,"Lillooet-Harrison - Late","L-04-01"
"57","Sk_Fraser","Douglas Creek",46083,"Harrison (D/S) - Late","L-03-03"
"58","Sk_Fraser","East Creek",46055,"Harrison (U/S) - Late","L-03-04"
"59","Sk_Fraser","Green River",46107,"Lillooet-Harrison - Late","L-04-01"
"60","Sk_Fraser","Harrison River",46030,"Harrison River - Late","R-03"
"61","Sk_Fraser","Hatchery Creek",NA,"Harrison (D/S) - Late",NA
"62","Sk_Fraser","Lillooet Slough",46025,"Lillooet-Harrison - Late","L-04-01"
"63","Sk_Fraser","Miller Creek",46117,"Lillooet-Harrison - Late","L-04-01"
"64","Sk_Fraser","Pemberton Creek",46112,"Lillooet-Harrison - Late","L-04-01"
"65","Sk_Fraser","Railroad Creek",46147,"Lillooet-Harrison - Late","L-04-01"
"66","Sk_Fraser","Ryan River",46122,"Lillooet-Harrison - Late","L-04-01"
"67","Sk_Fraser","Weaver Creek",46044,"Harrison (U/S) - Late","L-03-04"
"68","Sk_Fraser","Adams River, lower",46238,"Shuswap Complex - Late","L-09-02"
"69","Sk_Fraser","Adams River, lower",46239,"Shuswap Complex - Late","L-09-03"
"70","Sk_Fraser","Anstey River",46348,"Shuswap Complex - Late","L-09-02"
"71","Sk_Fraser","Anstey River",46349,"Shuswap Complex - Late","L-09-03"
"72","Sk_Fraser","Eagle River",46358,"Shuswap Complex - Late","L-09-02"
"73","Sk_Fraser","Eagle River",46359,"Shuswap Complex - Late","L-09-03"
"74","Sk_Fraser","Hunakwa Creek",46338,"Shuswap Complex - Late","L-09-02"
"75","Sk_Fraser","Hunakwa Creek",46339,"Shuswap Complex - Late","L-09-03"
"76","Sk_Fraser","Little River",46228,"Shuswap Complex - Late","L-09-03"
"77","Sk_Fraser","Lower Shuswap River",46429,"Shuswap Complex - Late","L-09-03"
"78","Sk_Fraser","Middle Shuswap River",46439,"Shuswap Complex - Late","L-09-02"
"79","Sk_Fraser","Middle Shuswap River",46440,"Shuswap Complex - Late","L-09-03"
"80","Sk_Fraser","Momich River",46269,"Shuswap Complex - Late","L-09-03"
"81","Sk_Fraser","Salmon River",46399,"Shuswap Complex - Late","L-09-02"
"82","Sk_Fraser","Salmon River",46400,"Shuswap Complex - Late","L-09-03"
"83","Sk_Fraser","Scotch Creek",46288,"Shuswap Complex - Late","L-09-02"
"84","Sk_Fraser","Scotch Creek",46289,"Shuswap Complex - Late","L-09-03"
"85","Sk_Fraser","Seymour River",46328,"Shuswap Complex - Late","L-09-02"
"86","Sk_Fraser","Seymour River",46329,"Shuswap Complex - Late","L-09-03"
"87","Sk_Fraser","Shuswap Lake",45764,"Shuswap Complex - Late","L-09-03"
"88","Sk_Fraser","Sinmax Creek",46258,"Shuswap Complex - Late","L-09-02"
"89","Sk_Fraser","Sinmax Creek",46259,"Shuswap Complex - Late","L-09-03"
"90","Sk_Fraser","South Thompson River",46218,"Shuswap Complex - Late","L-09-03"
"91","Sk_Fraser","Kazchek Creek",45559,"Takla-Trembleur-Stuart - Summer","L-06-14"
"92","Sk_Fraser","Kazchek Creek",45560,"Takla-Trembleur-Stuart - Summer","L-06-13"
"93","Sk_Fraser","Kuzkwa Creek",45554,"Takla-Trembleur-Stuart - Summer","L-06-13"
"94","Sk_Fraser","Middle River",45552,"Takla-Trembleur-Stuart - Summer","L-06-13"
"95","Sk_Fraser","Pinchi Creek",45539,"Takla-Trembleur-Stuart - Summer","L-06-13"
"96","Sk_Fraser","Sakeniche River",45577,"Takla-Trembleur-Stuart - Summer","L-06-14"
"97","Sk_Fraser","Sakeniche River",45578,"Takla-Trembleur-Stuart - Summer","L-06-13"
"98","Sk_Fraser","Tachie River",45549,"Takla-Trembleur-Stuart - Summer","L-06-13"
"99","Sk_Fraser","Chilliwack Lake",45092,"Chilliwack - Early Summer","L-03-01"
"100","Sk_Fraser","Cultus Lake",45093,"Cultus - Late","L-03-02"
"101","Sk_Fraser","Emory Creek",NA,"CU not identified",NA
"102","Sk_Fraser","Nahatlatch Lake",45094,"Nahatlatch - Early Summer","L-05-02"
"103","Sk_Fraser","Spuzzum Creek",NA,"CU not identified",NA
"104","Sk_Fraser","Sucker Creek",NA,"Kawkawa - Late",NA
"105","Sk_Fraser","Upper Pitt River",47917,"Pitt - Early Summer","L-03-05"
"106","Sk_Fraser","Widgeon Slough",47954,"Widgeon - Late","R-02"
"107","Sk_Fraser","Bridge River",NA,"Middle Fraser - Summer",NA
"108","Sk_Fraser","Bednesti Creek",NA,"Francois-Fraser - Summer",NA
"109","Sk_Fraser","Early Nadina River",NA,"Francois (First Run) - Early Summer (extirpated?)",NA
"110","Sk_Fraser","Endako River",NA,"Nadina-Francois - Early Summer",NA
"111","Sk_Fraser","Francois Lake",45806,"Francois-Fraser - Summer","L-06-07"
"112","Sk_Fraser","Late Nadina River",45525,"Nadina-Francois - Early Summer","L-06-20"
"113","Sk_Fraser","Nithi River",45522,"Francois-Fraser - Summer","L-06-07"
"114","Sk_Fraser","Ormond Creek",NA,"Francois-Fraser - Summer",NA
"115","Sk_Fraser","Stellako River",46013,"Francois-Fraser - Summer","L-06-07"
"116","Sk_Fraser","Uncha Creek",45523,"Francois-Fraser - Summer","L-06-07"
"117","Sk_Fraser","Barriere River",46600,"Kamloops - Summer","L-10-01"
"118","Sk_Fraser","Barriere River, upper",3416,"North Barriere - Early Summer","L-10-03"
"119","Sk_Fraser","Clearwater River",46680,"Kamloops - Summer","L-10-01"
"120","Sk_Fraser","Finn Creek",46782,"Kamloops - Summer","L-10-01"
"121","Sk_Fraser","Lion Creek",45601,"Kamloops - Summer","L-06-14"
"122","Sk_Fraser","Lion Creek",46772,"Kamloops - Summer","L-10-01"
"123","Sk_Fraser","North Thompson River",46580,"Kamloops - Summer","L-10-01"
"124","Sk_Fraser","Raft River",46710,"Kamloops - Summer","L-10-01"
"125","Sk_Fraser","Horsefly River",46893,"Quesnel - Summer","L-06-10"
"126","Sk_Fraser","Little Horsefly River",46903,"Quesnel - Summer","L-06-10"
"127","Sk_Fraser","McKinley Creek",45043,"Quesnel - Summer","L-06-10"
"128","Sk_Fraser","Mitchell River",46913,"Quesnel - Summer","L-06-10"
"129","Sk_Fraser","Quesnel River",46873,"Middle Fraser - Summer","L-06-10"
"130","Sk_Fraser","Roaring River",45063,"Quesnel - Summer","L-06-10"
"131","Sk_Fraser","Cayoosh Creek",NA,"Middle Fraser - Summer",NA
"132","Sk_Fraser","Gates Creek",NA,"Anderson-Seton - Early Summer",NA
"133","Sk_Fraser","Portage Creek",47181,"Seton - Late","L-06-11"
"134","Sk_Fraser","Seton Creek",NA,"Middle Fraser - Summer",NA
"135","Sk_Fraser","Bowron River, upper",47419,"Bowron - Early Summer","L-07-01"
"144","Sk_Fraser","McNomee Creek",45014,"Shuswap - Early Summer","L-09-02"
"145","Sk_Fraser","McNomee Creek",45015,"Shuswap - Early Summer","L-09-03"
"146","Sk_Fraser","Middle Shuswap River",46439,"Shuswap - Early Summer","L-09-02"
"147","Sk_Fraser","Middle Shuswap River",46440,"Shuswap - Early Summer","L-09-03"
"185","Sk_Fraser","Sowchea Creek",3218,"Takla-Trembleur - Early Stuart","L-06-13"
"187","Sk_Fraser","20 Mile Creek",46069,"Harrison (D/S) - Late","L-03-03"
"188","Sk_Fraser","25 Mile Creek",45587,"Lillooet-Harrison - Late","L-06-14"
"189","Sk_Fraser","25 Mile Creek",46152,"Lillooet-Harrison - Late","L-04-01"
"193","Sk_Fraser","Cogburn Creek",46065,"Harrison (D/S) - Late","L-03-03"
"200","Sk_Fraser","Mystery Creek",46063,"Harrison (D/S) - Late","L-03-03"
"206","Sk_Fraser","Bessette Creek",7635,"Shuswap Complex - Late","L-09-03"
"207","Sk_Fraser","Bessette Creek",431,"Shuswap Complex - Late","L-09-03"
"208","Sk_Fraser","Celista Creek",46318,"Shuswap Complex - Late","L-09-03"
"209","Sk_Fraser","Celista Creek",46319,"Shuswap Complex - Late","L-09-02"
"219","Sk_Fraser","Onyx Creek",46298,"Shuswap Complex - Late","L-09-02"
"220","Sk_Fraser","Onyx Creek",46299,"Shuswap Complex - Late","L-09-03"
"239","Sk_Fraser","American Bar Creek",NA,"CU not identified",NA
"240","Sk_Fraser","Coquihalla River",NA,"CU not identified",NA
"243","Sk_Fraser","Silver Hope Creek",NA,"CU not identified",NA
"258","Sk_Fraser","Dunn Creek",NA,"Kamloops - Summer",NA
"260","Sk_Fraser","Lemieux Creek",46640,"Kamloops - Summer","L-10-01"
"261","Sk_Fraser","Mann Creek",46670,"Kamloops - Summer","L-10-01"
"333","Sk_Fraser","Sampson Creek",46152,"Lillooet-Harrison - Late","L-04-01"
"334","Sk_Fraser","Sloquet Creek",46093,"Harrison (D/S) - Late","L-03-03"
"398","Sk_Fraser","Indianpoint Creek",NA,"Upper Fraser - Summer",NA
"496","Sk_Fraser","Johnson Slough",NA,"CU not identified",NA
"501","Sk_Fraser","Texas Creek",NA,"CU not identified",NA
"519","Sk_Fraser","Cameron Creek",45061,"Quesnel - Summer","L-06-10"
"535","Sk_Fraser","Celista Creek",46318,"Shuswap - Early Summer","L-09-03"
"536","Sk_Fraser","Celista Creek",46319,"Shuswap - Early Summer","L-09-02"
"551","Sk_Fraser","Blackwater Creek",45600,"Takla-Trembleur - Early Stuart","L-06-14"
"594","Sk_Fraser","Adams Lake",45089,"Shuswap Complex - Late","L-09-03"
"597","Sk_Fraser","Adams River, upper",46249,"Shuswap Complex - Late","L-09-03"
"613","Sk_Fraser","Noisy Creek",46509,"Shuswap Complex - Late","L-09-03"
"624","Sk_Fraser","Tsuius Creek",46529,"Shuswap Complex - Late","L-09-03"
"625","Sk_Fraser","Wap Creek",46519,"Shuswap Complex - Late","L-09-03"
"645","Sk_Fraser","Dog Creek",NA,"CU not identified",NA
"665","Sk_Fraser","Penfold Creek",45060,"Quesnel - Summer","L-06-10"
"724","Sk_Fraser","Harrison Lake",45086,"Harrison (D/S) - Late","L-03-03"
"788","Sk_Fraser","Antler Creek",47449,"Upper Fraser - Summer","L-07-01"
"863","Sk_Fraser","Perry River",45026,"Shuswap Complex - Late","L-09-02"
"864","Sk_Fraser","Perry River",45027,"Shuswap Complex - Late","L-09-03"
"909","Sk_Fraser","N. End Chilko Lake",45080,"Chilko - Summer","L-06-03"
"969","Sk_Fraser","Bush Creek",45012,"Shuswap Complex - Late","L-09-03"
"972","Sk_Fraser","Hiuihill Creek",44983,"Shuswap Complex - Late","L-09-02"
"973","Sk_Fraser","Hiuihill Creek",44984,"Shuswap Complex - Late","L-09-03"
"1062","Sk_Fraser","Kingfisher Creek",46490,"Shuswap Complex - Late","L-09-03"
"1098","Sk_Fraser","Abbott Creek",45054,"Quesnel - Summer","L-06-10"
"1099","Sk_Fraser","Bill Miner Creek",45070,"Quesnel - Summer","L-06-10"
"1100","Sk_Fraser","Blue Lead Creek",45073,"Quesnel - Summer","L-06-10"
"1101","Sk_Fraser","Bouldery Creek",45066,"Quesnel - Summer","L-06-10"
"1102","Sk_Fraser","Buckingham Creek",45067,"Quesnel - Summer","L-06-10"
"1103","Sk_Fraser","Franks Creek",45068,"Quesnel - Summer","L-06-10"
"1104","Sk_Fraser","Franks Creek - shore",3351,"Quesnel - Summer","L-06-10"
"1105","Sk_Fraser","Grain Creek",45055,"Quesnel - Summer","L-06-10"
"1106","Sk_Fraser","Hazeltine Creek",45039,"Quesnel - Summer","L-06-10"
"1108","Sk_Fraser","Killdog Creek",45072,"Quesnel - Summer","L-06-10"
"1110","Sk_Fraser","Long Creek",45058,"Quesnel - Summer","L-06-10"
"1111","Sk_Fraser","Lynx Creek",45069,"Quesnel - Summer","L-06-10"
"1112","Sk_Fraser","Marten Creek",45059,"Quesnel - Summer","L-06-10"
"1115","Sk_Fraser","Niagara Creek",45071,"Quesnel - Summer","L-06-10"
"1118","Sk_Fraser","Summit Creek",45074,"Quesnel - Summer","L-06-10"
"1119","Sk_Fraser","Wasko Creek",45065,"Quesnel - Summer","L-06-10"
"1120","Sk_Fraser","Watt Creek",45062,"Quesnel - Summer","L-06-10"
"1133","Sk_Fraser","Burton Creek",NA,"Shuswap - Early Summer",NA
"1234","Sk_Fraser","Hurricane Point",3352,"Quesnel - Summer","L-06-10"
"1241","Sk_Fraser","Moffat Creek",45042,"Quesnel - Summer","L-06-10"
"1243","Sk_Fraser","Tisdall Creek",3414,"Quesnel - Summer","L-06-10"
"1377","Sk_Fraser","Crazy Creek",810,"Shuswap - Early Summer","L-09-02"
"1378","Sk_Fraser","Crazy Creek",3091,"Shuswap - Early Summer","L-03-03"
"1379","Sk_Fraser","Crazy Creek",811,"Shuswap - Early Summer","L-09-03"
"1394","Sk_Fraser","Casamir Creek",45573,"Takla-Trembleur - Early Stuart","L-06-14"
"1472","Sk_Fraser","Chilliwack River, upper",46986,"Chilliwack - Early Summer","L-03-01"
"1510","Sk_Fraser","Salmon River",46399,"Shuswap - Early Summer","L-09-02"
"1511","Sk_Fraser","Salmon River",46400,"Shuswap - Early Summer","L-09-03"
"1549","Sk_Fraser","Tliti Creek",45076,"Takla-Trembleur - Early Stuart","L-06-14"
"1611","Sk_Fraser","Tagetochlain Creek",NA,"Francois (First Run) - Early Summer (extirpated?)",NA
"1662","Sk_Fraser","Nahounli Creek",NA,"Takla-Trembleur - Early Stuart",NA
"1793","Sk_Fraser","Chehalis River",NA,"Harrison River - Late",NA
"1852","Sk_Fraser","Archie Creek",NA,"Quesnel - Summer",NA
"1911","Sk_Fraser","Unnamed Creek",7633,"Takla-Trembleur - Early Stuart","L-09-02"
"1953","Sk_Fraser","Pitt Lake",45095,"CU not identified","L-03-05"
"1994","Sk_Fraser","Sinmax Creek",46258,"Shuswap - Early Summer","L-09-02"
"1995","Sk_Fraser","Sinmax Creek",46259,"Shuswap - Early Summer","L-09-03"
"2187","Sk_Fraser","Williams Lake River",NA,"Middle Fraser - Summer",NA
"2211","Sk_Fraser","Elkin Creek",46863,"Middle Fraser - Summer","L-06-16"
"2517","Sk_Fraser","Stuart Lake",45090,"Takla-Trembleur-Stuart - Summer","L-06-13"
"2528","Sk_Fraser","Wahleach Creek",NA,"CU not identified",NA
"2530","Sk_Fraser","Yale Creek",NA,"CU not identified",NA
"2646","Sk_Fraser","Yalakom River",NA,"Middle Fraser - Summer",NA
"2751","Sk_Fraser","Sowchea Creek",3218,"Takla-Trembleur-Stuart - Summer","L-06-13"
"2771","Sk_Fraser","Horsefly Lake",45101,"Quesnel - Summer","L-06-10"
"2835","Sk_Fraser","Gallagher Creek",NA,"Harrison River - Late",NA
"2896","Sk_Fraser","Clearbrook Creek",NA,"Quesnel - Summer",NA
"2897","Sk_Fraser","Devoe Creek",45057,"Quesnel - Summer","L-06-10"
"2912","Sk_Fraser","Service Creek",3081,"Quesnel - Summer","L-06-10"
"2916","Sk_Fraser","Whiffle Creek",3088,"Quesnel - Summer","L-06-10"
"2917","Sk_Fraser","Winkley Creek",NA,"Quesnel - Summer",NA
"2975","Sk_Fraser","5 Mile Creek",NA,"Shuswap Complex - Late",NA
"3084","Sk_Fraser","Tipella Creek",46078,"Harrison (D/S) - Late","L-03-03"
"3246","Sk_Fraser","McKinley Creek, upper",45098,"Quesnel - Summer","L-06-10"
"3307","Sk_Fraser","Weaver Channel",45087,"Harrison (U/S) - Late","L-03-04"
"3600","Sk_Fraser","Momich River, upper",NA,"Shuswap - Early Summer",NA
"3635","Sk_Fraser","Tarnezell Creek",NA,"Takla-Trembleur - Early Stuart",NA
"3696","Sk_Fraser","Gates Channel",45102,"Anderson-Seton - Early Summer","L-06-01"
"3803","Sk_Fraser","Horsefly River, lower",46893,"Quesnel - Summer","L-06-10"
"3804","Sk_Fraser","Horsefly River, upper",45097,"Quesnel - Summer","L-06-10"
"3806","Sk_Fraser","McKinley Creek, lower",45043,"Quesnel - Summer","L-06-10"
"3848","Sk_Fraser","Hooker Creek",45584,"Takla-Trembleur - Early Stuart","L-06-14"
"3940","Sk_Fraser","Hunakwa Creek",46338,"Shuswap - Early Summer","L-09-02"
"3941","Sk_Fraser","Hunakwa Creek",46339,"Shuswap - Early Summer","L-09-03"
"4003","Sk_Fraser","Ross Creek",46309,"Shuswap Complex - Late","L-09-03"
"4138","Sk_Fraser","Depot Creek",7726,"Chilliwack - Early Summer","L-03-01"
"4248","Sk_Fraser","Takla Lake",45091,"Takla-Trembleur-Stuart - Summer","L-06-13"
"4259","Sk_Fraser","Late Nadina Channel",45525,"Nadina-Francois - Early Summer","L-06-20"
"4357","Sk_Fraser","Shuswap Lake - Anstey Arm",7421,"Shuswap Complex - Late","L-09-03"
"4358","Sk_Fraser","Shuswap Lake - Main Arm",7424,"Shuswap Complex - Late","L-09-03"
"4359","Sk_Fraser","Shuswap Lake - Salmon Arm",7423,"Shuswap Complex - Late","L-09-03"
"4384","Sk_Fraser","Nechako River",NA,"Francois-Fraser - Summer",NA
"4449","Sk_Fraser","Porter Creek",45602,"Takla-Trembleur - Early Stuart","L-06-14"
"4485","Sk_Fraser","Shuswap Lake - Seymour Arm",7422,"Shuswap Complex - Late","L-09-03"
"4499","Sk_Fraser","Nahatlatch River",47157,"Nahatlatch - Early Summer","L-05-02"
"4617","Sk_Fraser","Cayenne Creek",NA,"Shuswap - Early Summer",NA
"4671","Sk_Fraser","Dust Creek",45581,"Takla-Trembleur-Stuart - Summer","L-06-14"
"4672","Sk_Fraser","Dust Creek",45582,"Takla-Trembleur-Stuart - Summer","L-06-13"
"4819","Sk_Fraser","Maria Slough",NA,"CU not identified",NA
"4823","Sk_Fraser","Vedder River",NA,"CU not identified",NA
"4912","Sk_Fraser","Cayenne Creek",NA,"Shuswap Complex - Late",NA
"5155","Sk_Fraser","Blue Lead Cr. - Shore",3346,"Quesnel - Summer","L-06-10"
"5185","Sk_Fraser","Perry River",45026,"Shuswap - Early Summer","L-09-02"
"5186","Sk_Fraser","Perry River",45027,"Shuswap - Early Summer","L-09-03"
"5191","Sk_Fraser","Yard Creek",45024,"Shuswap - Early Summer","L-09-02"
"5192","Sk_Fraser","Yard Creek",45025,"Shuswap - Early Summer","L-09-03"
"5234","Sk_Fraser","Canoe Creek",46419,"Shuswap Complex - Late","L-09-03"
"5245","Sk_Fraser","Nikwikwaia Creek",45008,"Shuswap Complex - Late","L-09-02"
"5246","Sk_Fraser","Nikwikwaia Creek",45009,"Shuswap Complex - Late","L-09-03"
"5248","Sk_Fraser","Reinecker Creek",46388,"Shuswap Complex - Late","L-09-03"
"5263","Sk_Fraser","Tappen Creek",46389,"Shuswap Complex - Late","L-09-03"
"5397","Sk_Fraser","Kawkawa Creek/Lake",NA,"Kawkawa - Late",NA
"5422","Sk_Fraser","Swift Creek",NA,"Upper Fraser - Summer",NA
"5524","Sk_Fraser","Consolidated Creek",45604,"Takla-Trembleur - Early Stuart","L-06-14"
"5581","Sk_Fraser","Alouette River",NA,"CU not identified",NA
"5601","Sk_Fraser","Bowling Point",3366,"Quesnel - Summer","L-06-10"
"5603","Sk_Fraser","Deception Point",45077,"Quesnel - Summer","L-06-10"
"5604","Sk_Fraser","Goose Point - Shore",3368,"Quesnel - Summer","L-06-10"
"5606","Sk_Fraser","Horsefly River - Above Falls",46893,"Quesnel - Summer","L-06-10"
"5609","Sk_Fraser","Isaiah Creek",45064,"Quesnel - Summer","L-06-10"
"5623","Sk_Fraser","Upper & Lower Seton Channels",NA,"Middle Fraser - Summer",NA
"5795","Sk_Fraser","Middle River (Rossette Bar)",45551,"Takla-Trembleur - Early Stuart","L-06-14"
"5845","Sk_Fraser","Thompson River",NA,"Shuswap Complex - Late",NA
"5878","Sk_Fraser","Chilko Channel",45079,"Chilko - Summer","L-06-03"
"5898","Sk_Fraser","Blanchet North Creek",3089,"Takla-Trembleur - Early Stuart","L-06-14"
"5958","Sk_Fraser","Harper Creek",45028,"North Barriere - Early Summer","L-10-03"
"5969","Sk_Fraser","Quesnel Lake",45099,"Quesnel - Summer","L-06-10"
"5972","Sk_Fraser","Hatchery Creek",NA,"Middle Fraser - Summer",NA
"6077","Sk_Fraser","Chilliwack River",NA,"CU not identified",NA
"6083","Sk_Fraser","Ruby Creek",NA,"CU not identified",NA
"6088","Sk_Fraser","Churn Creek",NA,"Middle Fraser - Summer",NA
"6089","Sk_Fraser","West Road River",NA,"Middle Fraser - Summer",NA
"6103","Sk_Fraser","Amos Creek",NA,"Quesnel - Summer",NA
"6104","Sk_Fraser","Betty Frank's - Shore",3365,"Quesnel - Summer","L-06-10"
"6111","Sk_Fraser","Cariboo River, lower",NA,"Middle Fraser - Summer",NA
"6114","Sk_Fraser","Grain Cr. - Shore",3371,"Quesnel - Summer","L-06-10"
"6117","Sk_Fraser","Horsefly Channel",45100,"Quesnel - Summer","L-06-10"
"6123","Sk_Fraser","Killdog Creek - Shore",3354,"Quesnel - Summer","L-06-10"
"6124","Sk_Fraser","Long Cr. - Shore",3376,"Quesnel - Summer","L-06-10"
"6126","Sk_Fraser","Lynx Cr. - Shore",3355,"Quesnel - Summer","L-06-10"
"6136","Sk_Fraser","Raft Creek",NA,"Quesnel - Summer",NA
"6137","Sk_Fraser","Roaring R. - Shore",3381,"Quesnel - Summer","L-06-10"
"6141","Sk_Fraser","Watt Cr. - Shore",3385,"Quesnel - Summer","L-06-10"
"6152","Sk_Fraser","Adams Channel",45082,"Shuswap - Early Summer","L-09-02"
"6153","Sk_Fraser","Adams Channel",45083,"Shuswap - Early Summer","L-09-03"
"6207","Sk_Fraser","Steelhead Creek",46049,"Harrison (U/S) - Late","L-03-04"
"6210","Sk_Fraser","Adams Channel",45082,"Shuswap Complex - Late","L-09-02"
"6211","Sk_Fraser","Adams Channel",45083,"Shuswap Complex - Late","L-09-03"
"6223","Sk_Fraser","Deadman River",NA,"Shuswap Complex - Late",NA
"6232","Sk_Fraser","McNomee Creek",45014,"Shuswap Complex - Late","L-09-02"
"6233","Sk_Fraser","McNomee Creek",45015,"Shuswap Complex - Late","L-09-03"
"6337","Sk_Fraser","Onyx Creek",46298,"Shuswap - Early Summer","L-09-02"
"6338","Sk_Fraser","Onyx Creek",46299,"Shuswap - Early Summer","L-09-03"
"6613","Sk_Fraser","Bowron River, lower",NA,"Upper Fraser - Summer",NA
"6673","Sk_Fraser","Tildesley Creek",45078,"Takla-Trembleur - Early Stuart","L-06-14"
"6674","Sk_Fraser","Tliti Creek (10 Mile)",45076,"Takla-Trembleur - Early Stuart","L-06-14"
"6743","Sk_Fraser","Devoe Creek - Shore",3367,"Quesnel - Summer","L-06-10"
"6766","Sk_Fraser","Tasse Creek",3086,"Quesnel - Summer","L-06-10"
"6786","Sk_Fraser","Bush Creek",45012,"Shuswap - Early Summer","L-09-03"
"6792","Sk_Fraser","Hiuihill Creek",44983,"Shuswap - Early Summer","L-09-02"
"6793","Sk_Fraser","Hiuihill Creek",44984,"Shuswap - Early Summer","L-09-03"
"6799","Sk_Fraser","Nikwikwaia Creek",45008,"Shuswap - Early Summer","L-09-02"
"6800","Sk_Fraser","Nikwikwaia Creek",45009,"Shuswap - Early Summer","L-09-03"
"6906","Sk_Fraser","Tsikwustum Creek",NA,"Shuswap Complex - Late",NA
"6909","Sk_Fraser","Yard Creek",45024,"Shuswap Complex - Late","L-09-02"
"6910","Sk_Fraser","Yard Creek",45025,"Shuswap Complex - Late","L-09-03"
"7012","Sk_Fraser","Baptiste Creek",45553,"Takla-Trembleur - Early Stuart","L-06-14"
"7448","Sk_Fraser","Bear Beach - Shore",3364,"Quesnel - Summer","L-06-10"
"7450","Sk_Fraser","Big Slide - Shore",3342,"Quesnel - Summer","L-06-10"
"7451","Sk_Fraser","Bill Miner Cr. - Shore",3344,"Quesnel - Summer","L-06-10"
"7452","Sk_Fraser","Bill Miner Cr. - Shore 3 km west",3345,"Quesnel - Summer","L-06-10"
"7456","Sk_Fraser","Bouldery Cr. - Shore",3347,"Quesnel - Summer","L-06-10"
"7457","Sk_Fraser","Bouldery Cr. - Shore 2 km east",3348,"Quesnel - Summer","L-06-10"
"7466","Sk_Fraser","Elysia shore - 1 km west",3413,"Quesnel - Summer","L-06-10"
"7476","Sk_Fraser","Limestone Point - Shore",3373,"Quesnel - Summer","L-06-10"
"7482","Sk_Fraser","Marten Cr. - Shore",3377,"Quesnel - Summer","L-06-10"
"7493","Sk_Fraser","Slate Bay",3359,"Quesnel - Summer","L-06-10"
"7494","Sk_Fraser","Sue Creek",3083,"Quesnel - Summer","L-06-10"
"7496","Sk_Fraser","Taku Creek",3084,"Quesnel - Summer","L-06-10"
"7497","Sk_Fraser","Tasse Creek - shore",3387,"Quesnel - Summer","L-06-10"
"7498","Sk_Fraser","Trickle Creek",3087,"Quesnel - Summer","L-06-10"
"7500","Sk_Fraser","Wasko Creek - Upper",3263,"Quesnel - Summer","L-06-10"
"7528","Sk_Fraser","Loftus Creek",45085,"Shuswap - Early Summer","L-09-02"
"7593","Sk_Fraser","Poole Creek",46102,"Lillooet-Harrison - Late","L-04-01"
"7743","Sk_Fraser","Ross Creek",46309,"Shuswap - Early Summer","L-09-03"
"8056","Sk_Fraser","Glacier Creek",NA,"Nadina-Francois - Early Summer",NA
"8063","Sk_Fraser","Sweetnam Creek",44733,"Francois-Fraser - Summer","L-06-07"
"8152","Sk_Fraser","Butterfield Creek",NA,"Takla-Trembleur - Early Stuart",NA
"8175","Sk_Fraser","Nancut Creek",NA,"Takla-Trembleur - Early Stuart",NA
"8271","Sk_Fraser","Baxter Beach",3363,"Quesnel - Summer","L-06-10"
"8275","Sk_Fraser","Big Slide, 1 km. West - shore",3343,"Quesnel - Summer","L-06-10"
"8290","Sk_Fraser","Double T - Shore",3349,"Quesnel - Summer","L-06-10"
"8291","Sk_Fraser","East Arm - unnamed creek 1",3080,"Quesnel - Summer","L-06-10"
"8292","Sk_Fraser","East Arm - unnamed creek 2 - shore",3361,"Quesnel - Summer","L-06-10"
"8293","Sk_Fraser","East Arm - unnamed point",3362,"Quesnel - Summer","L-06-10"
"8294","Sk_Fraser","Elysia - Shore",3350,"Quesnel - Summer","L-06-10"
"8298","Sk_Fraser","Goose Creek",3078,"Quesnel - Summer","L-06-10"
"8300","Sk_Fraser","Goose Pt., .8 km south - shore",3369,"Quesnel - Summer","L-06-10"
"8301","Sk_Fraser","Goose Pt., 5 km south - shore",3370,"Quesnel - Summer","L-06-10"
"8308","Sk_Fraser","Junction Creek",3079,"Quesnel - Summer","L-06-10"
"8309","Sk_Fraser","Junction Shore",3353,"Quesnel - Summer","L-06-10"
"8312","Sk_Fraser","Lester Shore",3372,"Quesnel - Summer","L-06-10"
"8313","Sk_Fraser","Limestone Creek",3262,"Quesnel - Summer","L-06-10"
"8315","Sk_Fraser","Limestone Pt, .5 km south - shore",3374,"Quesnel - Summer","L-06-10"
"8317","Sk_Fraser","Logger Landing",3375,"Quesnel - Summer","L-06-10"
"8328","Sk_Fraser","North Arm - shore, Bowling to Goose Pt.",3382,"Quesnel - Summer","L-06-10"
"8329","Sk_Fraser","North Arm - shore, Roaring to Deception Pt.",3383,"Quesnel - Summer","L-06-10"
"8330","Sk_Fraser","North Arm - unnamed cove",3386,"Quesnel - Summer","L-06-10"
"8331","Sk_Fraser","Opa Beach",3378,"Quesnel - Summer","L-06-10"
"8332","Sk_Fraser","Penfold Camp Shore",3379,"Quesnel - Summer","L-06-10"
"8334","Sk_Fraser","Peninsula Bay",3358,"Quesnel - Summer","L-06-10"
"8335","Sk_Fraser","Quartz Point",3356,"Quesnel - Summer","L-06-10"
"8336","Sk_Fraser","Roaring Point",3380,"Quesnel - Summer","L-06-10"
"8339","Sk_Fraser","Rock Slide",3357,"Quesnel - Summer","L-06-10"
"8342","Sk_Fraser","Slate Bay, 1 km east",3360,"Quesnel - Summer","L-06-10"
"8343","Sk_Fraser","Spusks Creek",3082,"Quesnel - Summer","L-06-10"
"8351","Sk_Fraser","Wasko Creek - shore",3384,"Quesnel - Summer","L-06-10"
"8450","Sk_Fraser","Crazy Creek",810,"Harrison (D/S) - Late","L-09-02"
"8451","Sk_Fraser","Crazy Creek",3091,"Harrison (D/S) - Late","L-03-03"
"8452","Sk_Fraser","Crazy Creek",811,"Harrison (D/S) - Late","L-09-03"
"8464","Sk_Fraser","Adams Lake - misc. east side shore",3408,"Shuswap Complex - Late","L-09-03"
"8465","Sk_Fraser","Adams Lake - misc. north end shore",3409,"Shuswap Complex - Late","L-09-03"
"8466","Sk_Fraser","Adams Lake - misc. south end shore",3410,"Shuswap Complex - Late","L-09-03"
"8467","Sk_Fraser","Adams River - shore",3393,"Shuswap Complex - Late","L-09-03"
"8474","Sk_Fraser","Bush Creek - shore",3407,"Shuswap Complex - Late","L-09-03"
"8479","Sk_Fraser","Cruikshank Pt. West - shore",3394,"Shuswap Complex - Late","L-09-03"
"8482","Sk_Fraser","Four Mile Creek - shore",3390,"Shuswap Complex - Late","L-09-03"
"8485","Sk_Fraser","Hlina Creek - shore",3395,"Shuswap Complex - Late","L-09-03"
"8488","Sk_Fraser","Knight Creek - shore",3402,"Shuswap Complex - Late","L-09-03"
"8489","Sk_Fraser","Lee Creek - shore",3396,"Shuswap Complex - Late","L-09-03"
"8491","Sk_Fraser","Loftus Creek",45085,"Shuswap Complex - Late","L-09-02"
"8493","Sk_Fraser","Mara Lake - shore",3090,"Shuswap Complex - Late","L-09-03"
"8499","Sk_Fraser","Momich River - shore",3411,"Shuswap Complex - Late","L-09-03"
"8505","Sk_Fraser","Onyx Creek - shore",3399,"Shuswap Complex - Late","L-09-03"
"8508","Sk_Fraser","Queest Creek - shore",3391,"Shuswap Complex - Late","L-09-03"
"8509","Sk_Fraser","Reinecker Creek - shore",3406,"Shuswap Complex - Late","L-09-03"
"8511","Sk_Fraser","Ross Creek - shore",3400,"Shuswap Complex - Late","L-09-03"
"8516","Sk_Fraser","Scotch Creek - shore",3401,"Shuswap Complex - Late","L-09-03"
"8519","Sk_Fraser","Shuswap L. - Main Arm north side",3397,"Shuswap Complex - Late","L-09-03"
"8520","Sk_Fraser","Shuswap L. - Main Arm south side",3398,"Shuswap Complex - Late","L-09-03"
"8521","Sk_Fraser","Shuswap L. - Salmon Arm east side",3403,"Shuswap Complex - Late","L-09-03"
"8522","Sk_Fraser","Shuswap L. - Salmon Arm north side",3404,"Shuswap Complex - Late","L-09-03"
"8523","Sk_Fraser","Shuswap L. - Salmon Arm south side",3405,"Shuswap Complex - Late","L-09-03"
"8527","Sk_Fraser","Sinmax Creek - shore",3412,"Shuswap Complex - Late","L-09-03"
"8531","Sk_Fraser","Vanishing Creek - shore",3392,"Shuswap Complex - Late","L-09-03"
"8543","Sk_Fraser","Stuart River",2457,"CU not identified","L-06-13"
"8693","Sk_Fraser","Crazy Creek",810,"Shuswap Complex - Late","L-09-02"
"8694","Sk_Fraser","Crazy Creek",3091,"Shuswap Complex - Late","L-03-03"
"8695","Sk_Fraser","Crazy Creek",811,"Shuswap Complex - Late","L-09-03"
"8868","Sk_Fraser","Fraser River (@ Tete Jaune)",NA,"Upper Fraser - Summer",NA
"9064","Sk_Fraser","Huckey Creek",3219,"Bowron - Early Summer","L-07-01"
"9065","Sk_Fraser","Pomeroy Creek",3220,"Bowron - Early Summer","L-07-01"
"9066","Sk_Fraser","Sus Creek",NA,"Bowron - Early Summer",NA
"9248","Sk_Fraser","Hawks Creek",NA,"Middle Fraser - Summer",NA
"9322","Sk_Fraser","Craigellachie Creek",3437,"Shuswap - Early Summer","L-09-02"
"9416","Sk_Fraser","Anstey River - shore",3439,"Shuswap Complex - Late","L-09-03"
"9424","Sk_Fraser","Cooke Creek",3440,"Shuswap Complex - Late","L-09-03"
"9480","Sk_Fraser","Trinity Creek",46480,"Shuswap Complex - Late","L-09-03"
"9515","Sk_Fraser","Grouse Creek",3441,"Kamloops - Summer","L-10-01"
"9517","Sk_Fraser","Hemp Creek",3442,"Kamloops - Summer","L-10-01"
"9532","Sk_Fraser","Cariboo River, upper",NA,"Cariboo - Summer",NA
"9917","Sk_Fraser","Takla Lake - shore",7003,"Takla-Trembleur - Early Stuart","L-06-14"
"10332","Sk_Fraser","Yoheta Creek, lower",NA,"Taseko - Early Summer",NA
"10333","Sk_Fraser","Yoheta Creek, upper",7631,"Taseko - Early Summer","L-06-16"
"10341","Sk_Fraser","Bessette Creek",7635,"Shuswap - Early Summer","L-09-03"
"10342","Sk_Fraser","Bessette Creek",431,"Shuswap - Early Summer","L-09-03"
"10343","Sk_Fraser","Blueberry Creek",7632,"Shuswap - Early Summer","L-09-02"
"10354","Sk_Fraser","Four Mile Creek",7636,"Shuswap - Early Summer","L-09-02"
"10378","Sk_Fraser","Shuswap Lake Shore",NA,"Shuswap - Early Summer",NA
"10381","Sk_Fraser","Two Mile Creek - shore",7634,"Shuswap - Early Summer","L-09-02"
"10382","Sk_Fraser","Unnamed Creek",7633,"Shuswap - Early Summer","L-09-02"
"10458","Sk_Fraser","Blurton Creek",7643,"Shuswap Complex - Late","L-09-03"
"10461","Sk_Fraser","Camp Creek",NA,"Shuswap Complex - Late",NA
"10472","Sk_Fraser","Fortune Creek",NA,"Shuswap Complex - Late",NA
"10473","Sk_Fraser","Four Mile Creek",7636,"Shuswap Complex - Late","L-09-02"
"10477","Sk_Fraser","Hlina Creek",NA,"Shuswap Complex - Late",NA
"10481","Sk_Fraser","Johnson Creek",7641,"Shuswap Complex - Late","L-09-03"
"10501","Sk_Fraser","Owlhead Creek",NA,"Shuswap Complex - Late",NA
"10514","Sk_Fraser","Senn Creek",NA,"Shuswap Complex - Late",NA
"10522","Sk_Fraser","Sicamous Creek",7638,"Shuswap Complex - Late","L-09-03"
"10526","Sk_Fraser","South Pass Creek",NA,"Shuswap Complex - Late",NA
"10530","Sk_Fraser","Tsuius Creek - Shore",7642,"Shuswap Complex - Late","L-09-03"
"10544","Sk_Fraser","Blue Creek",NA,"Pitt - Early Summer",NA
"10547","Sk_Fraser","Corbold Creek",7690,"Pitt - Early Summer","L-03-05"
"10552","Sk_Fraser","North Boise Creek",7691,"Pitt - Early Summer","L-03-05"
"10553","Sk_Fraser","South Boise Creek",7692,"Pitt - Early Summer","L-03-05"
"10554","Sk_Fraser","Upper Pitt Channel",7693,"Pitt - Early Summer","L-03-05"
"10557","Sk_Fraser","Baezaeko River",NA,"Middle Fraser - Summer",NA
"10644","Sk_Fraser","Lost Valley Creek Shore",7644,"Seton - Late","L-06-01"
"10854","Sk_Fraser","Cypress Creek",NA,"Pitt - Early Summer",NA
"10855","Sk_Fraser","Fish Hatchery Creek",7695,"Pitt - Early Summer","L-03-05"
"10859","Sk_Fraser","Slough Creek",7696,"Pitt - Early Summer","L-03-05"
"10938","Sk_Fraser","Haylmore Creek",7688,"Anderson-Seton - Early Summer","L-06-01"
"11179","Sk_Fraser","Kruger Creek",NA,"Upper Fraser - Summer",NA
"11185","Sk_Fraser","Taseko River, upper",NA,"Taseko - Early Summer",NA
"11365","Sk_Fraser","Hicks Creek",NA,"CU not identified",NA
"11376","Sk_Fraser","Bridge River (Late)",NA,"Middle Fraser - Late",NA
"11377","Sk_Fraser","Euchiniko River",NA,"CU not identified",NA
"11417","Sk_Fraser","Frank Creek (Cariboo)",NA,"CU not identified",NA
"11426","Sk_Fraser","Keithley Creek (Cariboo)",NA,"CU not identified",NA
"11429","Sk_Fraser","Little River (Cariboo)",NA,"CU not identified",NA
"11445","Sk_Fraser","Anderson Lake - shore",7727,"Anderson-Seton - Early Summer","L-06-01"
"11451","Sk_Fraser","Goat River",NA,"Upper Fraser - Summer",NA
"11458","Sk_Fraser","Lastman Creek",7744,"Taseko - Early Summer","L-06-16"
"11559","Sk_Fraser","Taillefer Creek",7743,"Lillooet-Harrison - Late","L-04-01"
"11666","Sk_Fraser","Widgeon Creek",NA,"Widgeon - Late",NA
"11703","Sk_Fraser","Cunningham Creek",NA,"CU not identified",NA
"11741","Sk_Fraser","Spruce Creek",7762,"Anderson-Seton - Early Summer","L-06-01"
"11744","Sk_Fraser","Haggen Creek",NA,"Upper Fraser - Summer",NA
"11772","Sk_Fraser","Four Mile Creek - Shore",NA,"Shuswap - Early Summer",NA
"12145","Sk_Fraser","Joffre Creek",NA,"Lillooet-Harrison - Late",NA
"12147","Sk_Fraser","North Creek",NA,"Lillooet-Harrison - Late",NA
"12148","Sk_Fraser","Owl Creek",NA,"Lillooet-Harrison - Late",NA
"12153","Sk_Fraser","Sakwi Creek",NA,"Harrison (U/S) - Late",NA
"12158","Sk_Fraser","Ure Creek",NA,"Lillooet-Harrison - Late",NA
"12201","Sk_Fraser","Olsen Creek",NA,"Pitt - Early Summer",NA
"12263","Ck_SBC","DRISCOLL CREEK",125,"Upper Fraser River_SP_1.3","CK-12"
"12264","Ck_SBC","CLEMENS CREEK",131,"West Vancouver Island-South_FA_0.x","CK-31"
"12288","Ck_SBC","MESACHIE CREEK",164,"East Vancouver Island-Cowichan & Koksilah_FA_0.x","CK-22"
"12289","Ck_SBC","PATRICIA CREEK",214,"East Vancouver Island-Cowichan & Koksilah_FA_0.x","CK-22"
"12293","Ck_SBC","ROBERTSON RIVER",234,"East Vancouver Island-Cowichan & Koksilah_FA_0.x","CK-22"
"12296","Ck_SBC","SHAW CREEK",244,"East Vancouver Island-Cowichan & Koksilah_FA_0.x","CK-22"
"12305","Ck_SBC","ALBREDA RIVER",290,"North Thompson_SP_1.3","CK-18"
"12306","Ck_SBC","CAMPBELL RIVER",586,"Boundary Bay_FA_0.3","CK-02"
"12344","Ck_SBC","CHILLIWACK/VEDDER RIVER",696,"Fraser-Harrison fall transplant_FA_0.3","CK-9008"
"12377","Ck_SBC","CREIGHTON CREEK",812,"South Thompson-Bessette Creek_SU_1.2","CK-16"
"12398","Ck_SBC","EAST TWIN CREEK",926,"Upper Fraser River_SP_1.3","CK-12"
"12436","Ck_SBC","HOLLIDAY CREEK",1207,"Upper Fraser River_SP_1.3","CK-12"
"12460","Ck_SBC","HUMBUG CREEK",1269,"Upper Fraser River_SP_1.3","CK-12"
"12463","Ck_SBC","MITCHELL RIVER",1756,"Middle Fraser River_SU_1.3","CK-11"
"12471","Ck_SBC","NICOMEKL RIVER",1840,"Boundary Bay_FA_0.3","CK-02"
"12475","Ck_SBC","ROBSON RIVER",2076,"Upper Fraser River_SP_1.3","CK-12"
"12477","Ck_SBC","SERPENTINE RIVER",2168,"Boundary Bay_FA_0.3","CK-02"
"12484","Ck_SBC","SETON RIVER",2178,"Middle Fraser River_SU_1.3","CK-11"
"12512","Ck_SBC","SUS CREEK",2468,"Upper Fraser River_SP_1.3","CK-12"
"12513","Ck_SBC","SWIFT RIVER",2483,"Middle Fraser River_SP_1.3","CK-10"
"12534","Ck_SBC","TASEKO RIVER",2507,"Middle Fraser River_SU_1.3","CK-11"
"12545","Ck_SBC","WEST TWIN CREEK",2762,"Upper Fraser River_SP_1.3","CK-12"
"12566","Ck_SBC","ICE CREEK",3075,"Upper Fraser River_SP_1.3","CK-12"
"12587","Ck_SBC","SOMASS-SPROAT-GC SYSTEM",3306,"West Vancouver Island-South_FA_0.x","CK-31"
"12611","Ck_SBC","NANAIMO RIVER-UPPER",3333,"East Vancouver Island-Nanaimo_SP_1.x","CK-23"
"12635","Ck_SBC","MAGGIE RIVER",39548,"West Vancouver Island-South_FA_0.x","CK-31"
"12636","Ck_SBC","ITATSOO CREEK",39588,"West Vancouver Island-South_FA_0.x","CK-31"
"12637","Ck_SBC","MERCANTILE CREEK",39608,"West Vancouver Island-South_FA_0.x","CK-31"
"12650","Ck_SBC","CHAMISS CREEK",39628,"West Vancouver Island-Nootka & Kyuquot_FA_0.x","CK-32"
"12651","Ck_SBC","MCKAY COVE CREEK",39648,"West Vancouver Island-Nootka & Kyuquot_FA_0.x","CK-32"
"12652","Ck_SBC","MALKSOPE RIVER",39668,"West Vancouver Island-Nootka & Kyuquot_FA_0.x","CK-32"
"12665","Ck_SBC","OUOUKINSH RIVER",39678,"West Vancouver Island-Nootka & Kyuquot_FA_0.x","CK-32"
"12669","Ck_SBC","BATTLE BAY RIVER",39698,"West Vancouver Island-Nootka & Kyuquot_FA_0.x","CK-32"
"12671","Ck_SBC","NASPARTI RIVER",39708,"West Vancouver Island-Nootka & Kyuquot_FA_0.x","CK-32"
"12672","Ck_SBC","EAST CREEK",39738,"West Vancouver Island-North_FA_0.x","CK-33"
"12674","Ck_SBC","KLASKISH RIVER",39748,"West Vancouver Island-North_FA_0.x","CK-33"
"12678","Ck_SBC","KEITH RIVER",39778,"West Vancouver Island-North_FA_0.x","CK-33"
"12680","Ck_SBC","KLOOTCHLIMMIS CREEK",39848,"West Vancouver Island-North_FA_0.x","CK-33"
"12683","Ck_SBC","MARBLE RIVER",39958,"West Vancouver Island-North_FA_0.x","CK-33"
"12706","Ck_SBC","CHEMAINUS RIVER",39984,"East Vancouver Island-Nanaimo & Chemainus_FA_0.x","CK-25"
"12739","Ck_SBC","COWICHAN RIVER",40023,"East Vancouver Island-Cowichan & Koksilah_FA_0.x","CK-22"
"12770","Ck_SBC","KOKSILAH RIVER",40033,"East Vancouver Island-Cowichan & Koksilah_FA_0.x","CK-22"
"12771","Ck_SBC","GOLDSTREAM RIVER",40053,"East Vancouver Island-Goldstream_FA_0.x","CK-21"
"12790","Ck_SBC","AYUM CREEK",40133,"West Vancouver Island-South_FA_0.x","CK-31"
"12791","Ck_SBC","SOOKE RIVER",40153,"West Vancouver Island-South_FA_0.x","CK-31"
"12815","Ck_SBC","DE MAMIEL CREEK",40163,"West Vancouver Island-South_FA_0.x","CK-31"
"12822","Ck_SBC","ROCKY CREEK",40173,"West Vancouver Island-South_FA_0.x","CK-31"
"12825","Ck_SBC","CHARTERS RIVER",40183,"West Vancouver Island-South_FA_0.x","CK-31"
"12828","Ck_SBC","SAN JUAN RIVER",40253,"West Vancouver Island-South_FA_0.x","CK-31"
"12852","Ck_SBC","RENFREW CREEK",40283,"West Vancouver Island-South_FA_0.x","CK-31"
"12863","Ck_SBC","HARRIS CREEK",40293,"West Vancouver Island-South_FA_0.x","CK-31"
"12877","Ck_SBC","LENS CREEK",40313,"West Vancouver Island-South_FA_0.x","CK-31"
"12884","Ck_SBC","GORDON RIVER",40323,"West Vancouver Island-South_FA_0.x","CK-31"
"12897","Ck_SBC","NITINAT RIVER",40363,"West Vancouver Island-South_FA_0.x","CK-31"
"12921","Ck_SBC","DOOBAH CREEK",40373,"West Vancouver Island-South_FA_0.x","CK-31"
"12922","Ck_SBC","CAYCUSE RIVER",40398,"West Vancouver Island-South_FA_0.x","CK-31"
"12924","Ck_SBC","KLANAWA RIVER",40418,"West Vancouver Island-South_FA_0.x","CK-31"
"12932","Ck_SBC","SUGSAW CREEK",40438,"West Vancouver Island-South_FA_0.x","CK-31"
"12934","Ck_SBC","SARITA RIVER",40458,"West Vancouver Island-South_FA_0.x","CK-31"
"12958","Ck_SBC","CARNATION CREEK",40478,"West Vancouver Island-South_FA_0.x","CK-31"
"12960","Ck_SBC","CONSINKA CREEK",40488,"West Vancouver Island-South_FA_0.x","CK-31"
"12961","Ck_SBC","FRANKLIN RIVER",40518,"West Vancouver Island-South_FA_0.x","CK-31"
"12966","Ck_SBC","SOMASS RIVER",40548,"West Vancouver Island-South_FA_0.x","CK-31"
"13007","Ck_SBC","DRINKWATER CREEK",40583,"West Vancouver Island-South_FA_0.x","CK-31"
"13008","Ck_SBC","COUS CREEK",40593,"West Vancouver Island-South_FA_0.x","CK-31"
"13009","Ck_SBC","MACKTUSH CREEK",40608,"West Vancouver Island-South_FA_0.x","CK-31"
"13012","Ck_SBC","NAHMINT RIVER",40618,"West Vancouver Island-South_FA_0.x","CK-31"
"13036","Ck_SBC","SNUG BASIN CREEK",40638,"West Vancouver Island-South_FA_0.x","CK-31"
"13037","Ck_SBC","HENDERSON LAKE CREEK",40648,"West Vancouver Island-South_FA_0.x","CK-31"
"13038","Ck_SBC","COEUR D'ALENE CREEK",40698,"West Vancouver Island-South_FA_0.x","CK-31"
"13040","Ck_SBC","EFFINGHAM RIVER",40708,"West Vancouver Island-South_FA_0.x","CK-31"
"13043","Ck_SBC","PIPESTEM CREEK",40778,"West Vancouver Island-South_FA_0.x","CK-31"
"13044","Ck_SBC","TOQUART RIVER",40798,"West Vancouver Island-South_FA_0.x","CK-31"
"13068","Ck_SBC","THORNTON CREEK",40808,"West Vancouver Island-South_FA_0.x","CK-31"
"13092","Ck_SBC","SMITH CREEK",40818,"West Vancouver Island-South_FA_0.x","CK-31"
"13098","Ck_SBC","KAUWINCH RIVER",40868,"West Vancouver Island-Nootka & Kyuquot_FA_0.x","CK-32"
"13110","Ck_SBC","KASHUTL RIVER",40878,"West Vancouver Island-Nootka & Kyuquot_FA_0.x","CK-32"
"13116","Ck_SBC","EASY CREEK",40888,"West Vancouver Island-Nootka & Kyuquot_FA_0.x","CK-32"
"13122","Ck_SBC","MOYEHA RIVER",41123,"West Vancouver Island-South_FA_0.x","CK-31"
"13146","Ck_SBC","ATLEO RIVER",41133,"West Vancouver Island-South_FA_0.x","CK-31"
"13147","Ck_SBC","WATTA CREEK",41168,"West Vancouver Island-South_FA_0.x","CK-31"
"13152","Ck_SBC","MEGIN RIVER",41178,"West Vancouver Island-South_FA_0.x","CK-31"
"13176","Ck_SBC","ICE RIVER",41198,"West Vancouver Island-South_FA_0.x","CK-31"
"13182","Ck_SBC","SYDNEY RIVER",41208,"West Vancouver Island-South_FA_0.x","CK-31"
"13189","Ck_SBC","MOOYAH RIVER",41288,"West Vancouver Island-Nootka & Kyuquot_FA_0.x","CK-32"
"13202","Ck_SBC","BURMAN RIVER",41328,"West Vancouver Island-Nootka & Kyuquot_FA_0.x","CK-32"
"13226","Ck_SBC","GOLD RIVER",41348,"West Vancouver Island-Nootka & Kyuquot_FA_0.x","CK-32"
"13256","Ck_SBC","MUCHALAT RIVER",41364,"West Vancouver Island-Nootka & Kyuquot_FA_0.x","CK-32"
"13262","Ck_SBC","OKTWANCH RIVER",41373,"West Vancouver Island-Nootka & Kyuquot_FA_0.x","CK-32"
"13267","Ck_SBC","KLEEPTEE CREEK",41393,"West Vancouver Island-Nootka & Kyuquot_FA_0.x","CK-32"
"13278","Ck_SBC","TLUPANA RIVER",41423,"West Vancouver Island-Nootka & Kyuquot_FA_0.x","CK-32"
"13300","Ck_SBC","CONUMA RIVER",41438,"West Vancouver Island-Nootka & Kyuquot_FA_0.x","CK-32"
"13324","Ck_SBC","CANTON CREEK",41448,"West Vancouver Island-Nootka & Kyuquot_FA_0.x","CK-32"
"13339","Ck_SBC","SUCWOA RIVER",41458,"West Vancouver Island-Nootka & Kyuquot_FA_0.x","CK-32"
"13359","Ck_SBC","DESERTED CREEK",41468,"West Vancouver Island-Nootka & Kyuquot_FA_0.x","CK-32"
"13362","Ck_SBC","HOISS CREEK",41478,"West Vancouver Island-Nootka & Kyuquot_FA_0.x","CK-32"
"13370","Ck_SBC","TSOWWIN RIVER",41488,"West Vancouver Island-Nootka & Kyuquot_FA_0.x","CK-32"
"13384","Ck_SBC","LEINER RIVER",41498,"West Vancouver Island-Nootka & Kyuquot_FA_0.x","CK-32"
"13408","Ck_SBC","TAHSIS RIVER",41518,"West Vancouver Island-Nootka & Kyuquot_FA_0.x","CK-32"
"13432","Ck_SBC","MARVINAS BAY CREEK",41548,"West Vancouver Island-Nootka & Kyuquot_FA_0.x","CK-32"
"13437","Ck_SBC","INNER BASIN RIVER",41593,"West Vancouver Island-Nootka & Kyuquot_FA_0.x","CK-32"
"13439","Ck_SBC","BLACK CREEK",41603,"West Vancouver Island-Nootka & Kyuquot_FA_0.x","CK-32"
"13440","Ck_SBC","LITTLE ZEBALLOS RIVER",41683,"West Vancouver Island-Nootka & Kyuquot_FA_0.x","CK-32"
"13458","Ck_SBC","ZEBALLOS RIVER",41713,"West Vancouver Island-Nootka & Kyuquot_FA_0.x","CK-32"
"13482","Ck_SBC","ESPINOSA CREEK",41743,"West Vancouver Island-Nootka & Kyuquot_FA_0.x","CK-32"
"13497","Ck_SBC","CHUM CREEK",41753,"West Vancouver Island-Nootka & Kyuquot_FA_0.x","CK-32"
"13505","Ck_SBC","PARK RIVER",41763,"West Vancouver Island-Nootka & Kyuquot_FA_0.x","CK-32"
"13507","Ck_SBC","ELIZA EAST RIVER",41773,"West Vancouver Island-Nootka & Kyuquot_FA_0.x","CK-32"
"13511","Ck_SBC","TATCHU CREEK",41793,"West Vancouver Island-Nootka & Kyuquot_FA_0.x","CK-32"
"13512","Ck_SBC","KAPOOSE CREEK",41813,"West Vancouver Island-Nootka & Kyuquot_FA_0.x","CK-32"
"13513","Ck_SBC","CACHALOT CREEK",41823,"West Vancouver Island-Nootka & Kyuquot_FA_0.x","CK-32"
"13515","Ck_SBC","NARROWGUT CREEK",41833,"West Vancouver Island-Nootka & Kyuquot_FA_0.x","CK-32"
"13519","Ck_SBC","AMAI CREEK",41843,"West Vancouver Island-Nootka & Kyuquot_FA_0.x","CK-32"
"13522","Ck_SBC","KAOUK RIVER",41863,"West Vancouver Island-Nootka & Kyuquot_FA_0.x","CK-32"
"13546","Ck_SBC","ARTLISH RIVER",41873,"West Vancouver Island-Nootka & Kyuquot_FA_0.x","CK-32"
"13570","Ck_SBC","TAHSISH RIVER",41883,"West Vancouver Island-Nootka & Kyuquot_FA_0.x","CK-32"
"13594","Ck_SBC","STEPHENS CREEK",42113,"West Vancouver Island-North_FA_0.x","CK-33"
"13595","Ck_SBC","GOODSPEED RIVER",42173,"West Vancouver Island-North_FA_0.x","CK-33"
"13603","Ck_SBC","DENAD CREEK",42343,"West Vancouver Island-North_FA_0.x","CK-33"
"13604","Ck_SBC","TWIN CREEKS (COMBINED)",44497,"Upper Fraser River_SP_1.3","CK-12"
"13626","Ck_SBC","SAND RIVER",44536,"West Vancouver Island-South_FA_0.x","CK-31"
"13633","Ck_SBC","FRASER RIVER-ABOVE TETE JAUNE",44549,"Upper Fraser River_SP_1.3","CK-12"
"13657","Ck_SBC","NICOLA RIVER-UPPER",44742,"Lower Thompson_SP_1.2","CK-17"
"13660","Ck_SBC","BAEZAEKO RIVER",44752,"Middle Fraser River_SP_1.3","CK-10"
"13681","Ck_SBC","NAZKO RIVER",44762,"Middle Fraser River_SP_1.3","CK-10"
"13702","Ck_SBC","CAYEGHLE SYSTEM",44792,"West Vancouver Island-North_FA_0.x","CK-33"
"13710","Ck_SBC","BENSON RIVER",44802,"West Vancouver Island-North_FA_0.x","CK-33"
"13713","Ck_SBC","FORGETMENOT CREEK",44961,"Upper Fraser River_SP_1.3","CK-12"
"13734","Ck_SBC","MCKINLEY CREEK",45051,"Middle Fraser River_SP_1.3","CK-10"
"13750","Ck_SBC","BEDWELL SYSTEM",45190,"West Vancouver Island-South_FA_0.x","CK-31"
"13774","Ck_SBC","SMALL CREEK",45325,"Upper Fraser River_SP_1.3","CK-12"
"13798","Ck_SBC","ENDAKO RIVER",45510,"Middle Fraser River_SP_1.3","CK-10"
"13822","Ck_SBC","SHOVEL CREEK",45520,"Middle Fraser River_SP_1.3","CK-10"
"13824","Ck_SBC","STUART RIVER",45535,"Middle Fraser River_SU_1.3","CK-11"
"13838","Ck_SBC","PINCHI CREEK",45547,"Middle Fraser River_SU_1.3","CK-11"
"13858","Ck_SBC","KUZKWA RIVER",45555,"Middle Fraser River_SU_1.3","CK-11"
"13878","Ck_SBC","KAZCHEK CREEK",45567,"Middle Fraser River_SU_1.3","CK-11"
"13903","Ck_SBC","NAPOLEON CREEK",45722,"East Vancouver Island-Nanaimo & Chemainus_FA_0.x","CK-25"
"13908","Ck_SBC","WEST ROAD (BLACKWATER) RIVER",45991,"Middle Fraser River_SP_1.3","CK-10"
"13932","Ck_SBC","NECHAKO RIVER",46001,"Middle Fraser River_SU_1.3","CK-11"
"13952","Ck_SBC","CHILAKO RIVER",46011,"Middle Fraser River_SP_1.3","CK-10"
"13976","Ck_SBC","STELLAKO RIVER",46021,"Middle Fraser River_SU_1.3","CK-11"
"14013","Ck_SBC","HARRISON RIVER",46034,"Lower Fraser River_FA_0.3","CK-03"
"14048","Ck_SBC","CHEHALIS RIVER",46042,"Fraser-Cross-CU Supplementation Exclusion","CK-9006"
"14081","Ck_SBC","COGBURN CREEK",46068,"Lower Fraser River_SU_1.3","CK-06"
"14087","Ck_SBC","BIG SILVER CREEK",46076,"Lower Fraser River_SU_1.3","CK-06"
"14101","Ck_SBC","TIPELLA CREEK",46082,"Lower Fraser River_SU_1.3","CK-06"
"14109","Ck_SBC","SLOQUET CREEK",46097,"Lower Fraser River_SU_1.3","CK-06"
"14139","Ck_SBC","BIRKENHEAD RIVER",46101,"Lower Fraser River_SP_1.3","CK-04"
"14183","Ck_SBC","GREEN RIVER",46111,"Lower Fraser River_SP_1.3","CK-04"
"14185","Ck_SBC","THOMPSON RIVER",46165,"South Thompson_SU_0.3","CK-13"
"14207","Ck_SBC","NICOLA RIVER",46176,"Lower Thompson_SP_1.2","CK-17"
"14231","Ck_SBC","SPIUS CREEK",46186,"Lower Thompson_SP_1.2","CK-17"
"14255","Ck_SBC","COLDWATER RIVER",46196,"Lower Thompson_SP_1.2","CK-17"
"14279","Ck_SBC","BONAPARTE RIVER",46206,"Lower Thompson_SP_1.2","CK-17"
"14303","Ck_SBC","DEADMAN RIVER",46216,"Lower Thompson_SP_1.2","CK-17"
"14327","Ck_SBC","SOUTH THOMPSON RIVER",46226,"South Thompson_SU_0.3","CK-13"
"14349","Ck_SBC","LITTLE RIVER",46236,"South Thompson_SU_0.3","CK-13"
"14371","Ck_SBC","ADAMS RIVER",46246,"South Thompson_SU_0.3","CK-13"
"14393","Ck_SBC","ADAMS RIVER-UPPER",46256,"Upper Adams River_SU_x.x","CK-82"
"14407","Ck_SBC","SCOTCH CREEK",46296,"South Thompson_SU_1.3","CK-14"
"14419","Ck_SBC","SEYMOUR RIVER",46336,"South Thompson_SU_1.3","CK-14"
"14444","Ck_SBC","EAGLE RIVER",46366,"South Thompson_SU_1.3","CK-14"
"14464","Ck_SBC","SALMON RIVER",46407,"South Thompson_SU_1.3","CK-14"
"14484","Ck_SBC","SHUSWAP RIVER-LOWER",46437,"Shuswap River_SU_0.3","CK-15"
"14520","Ck_SBC","SHUSWAP RIVER-MIDDLE",46447,"Shuswap River_SU_0.3","CK-15"
"14556","Ck_SBC","WAP CREEK",46527,"Shuswap River_SU_0.3","CK-15"
"14572","Ck_SBC","BESSETTE CREEK",46548,"South Thompson-Bessette Creek_SU_1.2","CK-16"
"14595","Ck_SBC","DUTEAU CREEK",46568,"South Thompson-Bessette Creek_SU_1.2","CK-16"
"14618","Ck_SBC","HARRIS CREEK",46578,"South Thompson-Bessette Creek_SU_1.2","CK-16"
"14640","Ck_SBC","NORTH THOMPSON RIVER",46588,"North Thompson_SU_1.3","CK-19"
"14683","Ck_SBC","LOUIS CREEK",46598,"Lower Thompson_SP_1.2","CK-17"
"14707","Ck_SBC","BARRIERE RIVER",46608,"North Thompson_SU_1.3","CK-19"
"14728","Ck_SBC","LEMIEUX CREEK",46648,"North Thompson_SU_1.3","CK-19"
"14749","Ck_SBC","MANN CREEK",46678,"North Thompson_SU_1.3","CK-19"
"14768","Ck_SBC","CLEARWATER RIVER",46688,"North Thompson_SU_1.3","CK-19"
"14790","Ck_SBC","MAHOOD RIVER",46708,"North Thompson_SU_1.3","CK-19"
"14812","Ck_SBC","RAFT RIVER",46718,"North Thompson_SU_1.3","CK-19"
"14834","Ck_SBC","LYON CREEK",46780,"North Thompson_SP_1.3","CK-18"
"14863","Ck_SBC","FINN CREEK",46790,"North Thompson_SP_1.3","CK-18"
"14883","Ck_SBC","BLUE RIVER",46801,"North Thompson_SP_1.3","CK-18"
"14903","Ck_SBC","CHILCOTIN RIVER-UPPER",46841,"Middle Fraser River_SP_1.3","CK-10"
"14927","Ck_SBC","CHILCOTIN RIVER-LOWER",46842,"Middle Fraser River_SP_1.3","CK-10"
"14951","Ck_SBC","CHILKO RIVER",46851,"Middle Fraser River_SU_1.3","CK-11"
"14971","Ck_SBC","ELKIN CREEK",46871,"Middle Fraser River_SU_1.3","CK-11"
"15003","Ck_SBC","QUESNEL RIVER",46881,"Middle Fraser River_SU_1.3","CK-11"
"15023","Ck_SBC","CARIBOO RIVER",46891,"Middle Fraser River_SU_1.3","CK-11"
"15043","Ck_SBC","CARIBOO RIVER-UPPER",46892,"Middle Fraser River_SP_1.3","CK-10"
"15063","Ck_SBC","HORSEFLY RIVER",46901,"Middle Fraser River_SP_1.3","CK-10"
"15087","Ck_SBC","HOLMES RIVER",46931,"Upper Fraser River_SP_1.3","CK-12"
"15111","Ck_SBC","NEVIN CREEK",46941,"Upper Fraser River_SP_1.3","CK-12"
"15135","Ck_SBC","HORSEY CREEK",46951,"Upper Fraser River_SP_1.3","CK-12"
"15159","Ck_SBC","SWIFT CREEK",46961,"Upper Fraser River_SP_1.3","CK-12"
"15183","Ck_SBC","CHILLIWACK",46985,"Lower Fraser River_SU_1.3","CK-06"
"15215","Ck_SBC","MARIA SLOUGH",47096,"Maria Slough_SU_0.3","CK-07"
"15237","Ck_SBC","NAHATLATCH RIVER",47165,"Middle Fraser-Fraser Canyon_SP_1.3","CK-08"
"15255","Ck_SBC","PORTAGE CREEK",47189,"Middle Fraser River-Portage_FA_1.3","CK-09"
"15274","Ck_SBC","SETON AND CAYOOSH CREEKS",47199,"Middle Fraser River_SU_1.3","CK-11"
"15277","Ck_SBC","BRIDGE RIVER",47229,"Middle Fraser River_SP_1.3","CK-10"
"15301","Ck_SBC","NARCOSLI CREEK",47257,"Middle Fraser River_SP_1.3","CK-10"
"15312","Ck_SBC","BAKER CREEK",47267,"Middle Fraser River_SP_1.3","CK-10"
"15324","Ck_SBC","AHBAU CREEK",47287,"Middle Fraser River_SP_1.3","CK-10"
"15346","Ck_SBC","LIGHTNING CREEK",47297,"Middle Fraser River_SP_1.3","CK-10"
"15367","Ck_SBC","NAVER CREEK",47307,"Middle Fraser River_SP_1.3","CK-10"
"15378","Ck_SBC","SALMON RIVER",47317,"Upper Fraser River_SP_1.3","CK-12"
"15402","Ck_SBC","WILLOW RIVER",47327,"Upper Fraser River_SP_1.3","CK-12"
"15426","Ck_SBC","WANSA CREEK",47337,"Upper Fraser River_SP_1.3","CK-12"
"15449","Ck_SBC","MCGREGOR RIVER",47347,"Upper Fraser River_SP_1.3","CK-12"
"15452","Ck_SBC","SEEBACH CREEK",47357,"Upper Fraser River_SP_1.3","CK-12"
"15476","Ck_SBC","OTTER CREEK",47367,"Upper Fraser River_SP_1.3","CK-12"
"15478","Ck_SBC","HERRICK CREEK",47377,"Upper Fraser River_SP_1.3","CK-12"
"15480","Ck_SBC","CAPTAIN CREEK",47387,"Upper Fraser River_SP_1.3","CK-12"
"15504","Ck_SBC","BAD RIVER (JAMES CREEK)",47397,"Upper Fraser River_SP_1.3","CK-12"
"15528","Ck_SBC","FONTONIKO CREEK",47407,"Upper Fraser River_SP_1.3","CK-12"
"15552","Ck_SBC","SPAKWANIKO CREEK",47417,"Upper Fraser River_SP_1.3","CK-12"
"15558","Ck_SBC","BOWRON RIVER",47427,"Upper Fraser River_SP_1.3","CK-12"
"15582","Ck_SBC","HAGGEN CREEK",47437,"Upper Fraser River_SP_1.3","CK-12"
"15606","Ck_SBC","INDIANPOINT CREEK",47447,"Upper Fraser River_SP_1.3","CK-12"
"15629","Ck_SBC","ANTLER CREEK",47457,"Upper Fraser River_SP_1.3","CK-12"
"15653","Ck_SBC","KENNETH CREEK",47467,"Upper Fraser River_SP_1.3","CK-12"
"15660","Ck_SBC","SLIM CREEK",47477,"Upper Fraser River_SP_1.3","CK-12"
"15684","Ck_SBC","DOME CREEK",47487,"Upper Fraser River_SP_1.3","CK-12"
"15708","Ck_SBC","TORPY RIVER",47497,"Upper Fraser River_SP_1.3","CK-12"
"15732","Ck_SBC","WALKER CREEK",47507,"Upper Fraser River_SP_1.3","CK-12"
"15756","Ck_SBC","PTARMIGAN CREEK",47517,"Upper Fraser River_SP_1.3","CK-12"
"15766","Ck_SBC","SNOWSHOE CREEK",47519,"Upper Fraser River_SP_1.3","CK-12"
"15770","Ck_SBC","MORKILL RIVER",47528,"Upper Fraser River_SP_1.3","CK-12"
"15794","Ck_SBC","GOAT RIVER",47538,"Upper Fraser River_SP_1.3","CK-12"
"15818","Ck_SBC","MCKALE RIVER",47548,"Upper Fraser River_SP_1.3","CK-12"
"15841","Ck_SBC","PITT RIVER-UPPER",47921,"Lower Fraser River-Upper Pitt_SU_1.3","CK-05"
"15855","Ck_SBC","STAVE RIVER",48009,"Fraser-Cross-CU Supplementation Exclusion","CK-9006"
"15870","Ck_SBC","ROBERTS CREEK",48642,"Southern Mainland-Georgia Strait_FA_0.x","CK-20"
"15871","Ck_SBC","WILSON CREEK",48662,"Southern Mainland-Georgia Strait_FA_0.x","CK-20"
"15872","Ck_SBC","CHAPMAN CREEK",48672,"Southern BC-Cross-CU Supplementation Exclusion","CK-9007"
"15881","Ck_SBC","PENDER HARBOUR CREEK",48717,"Southern Mainland-Georgia Strait_FA_0.x","CK-20"
"15882","Ck_SBC","ANGUS CREEK",48792,"Southern Mainland-Georgia Strait_FA_0.x","CK-20"
"15883","Ck_SBC","VANCOUVER RIVER",48862,"Southern Mainland-Georgia Strait_FA_0.x","CK-20"
"15884","Ck_SBC","SKWAWKA RIVER",48902,"Southern Mainland-Georgia Strait_FA_0.x","CK-20"
"15888","Ck_SBC","LANG CREEK",49002,"Southern BC-Cross-CU Supplementation Exclusion","CK-9007"
"15917","Ck_SBC","SLIAMMON CREEK",49062,"Southern BC-Cross-CU Supplementation Exclusion","CK-9007"
"15945","Ck_SBC","THEODOSIA RIVER",49082,"Southern Mainland-Georgia Strait_FA_0.x","CK-20"
"15954","Ck_SBC","WARNER BAY CREEK",49512,"Southern Mainland-Southern Fjords_FA_0.x","CK-28"
"15955","Ck_SBC","RICHARDS CREEK",49823,"Southern Mainland-Georgia Strait_FA_0.x","CK-20"
"15957","Ck_SBC","INDIAN RIVER",49828,"Southern Mainland-Georgia Strait_FA_0.x","CK-20"
"15958","Ck_SBC","SEYMOUR RIVER",49843,"Southern Mainland-Georgia Strait_FA_0.x","CK-20"
"15969","Ck_SBC","LYNN CREEK",49853,"Southern Mainland-Georgia Strait_FA_0.x","CK-20"
"15970","Ck_SBC","CAPILANO RIVER",49873,"Southern BC-Cross-CU Supplementation Exclusion","CK-9007"
"15997","Ck_SBC","SQUAMISH RIVER",49928,"Southern Mainland-Georgia Strait_FA_0.x","CK-20"
"16011","Ck_SBC","MAMQUAM RIVER",49933,"Southern Mainland-Georgia Strait_FA_0.x","CK-20"
"16020","Ck_SBC","CHEAKAMUS RIVER",49989,"Southern Mainland-Georgia Strait_FA_0.x","CK-20"
"16034","Ck_SBC","TENDERFOOT CREEK",50014,"Southern Mainland-Georgia Strait_FA_0.x","CK-20"
"16037","Ck_SBC","ASHLU CREEK",50034,"Southern Mainland-Georgia Strait_FA_0.x","CK-20"
"16053","Ck_SBC","SHOVELNOSE CREEK",50074,"Southern Mainland-Georgia Strait_FA_0.x","CK-20"
"16058","Ck_SBC","KLITE RIVER",50468,"Southern Mainland-Georgia Strait_FA_0.x","CK-20"
"16060","Ck_SBC","QUATAM RIVER",50528,"Southern Mainland-Georgia Strait_FA_0.x","CK-20"
"16065","Ck_SBC","ORFORD RIVER",50538,"Southern Mainland-Southern Fjords_FA_0.x","CK-28"
"16068","Ck_SBC","SOUTHGATE RIVER",50548,"Southern Mainland-Southern Fjords_FA_0.x","CK-28"
"16069","Ck_SBC","HOMATHKO RIVER",50568,"Homathko_SU_x.x","CK-34"
"16073","Ck_SBC","PHILLIPS RIVER",50618,"Southern Mainland-Southern Fjords_FA_0.x","CK-28"
"16090","Ck_SBC","FANNY BAY CREEK",50628,"Southern Mainland-Southern Fjords_FA_0.x","CK-28"
"16091","Ck_SBC","APPLE RIVER",50658,"Southern Mainland-Southern Fjords_FA_0.x","CK-28"
"16102","Ck_SBC","STAFFORD RIVER",50668,"Southern Mainland-Southern Fjords_FA_0.x","CK-28"
"16107","Ck_SBC","HEYDON CREEK",50688,"Southern Mainland-Southern Fjords_FA_0.x","CK-28"
"16113","Ck_SBC","GLENDALE CREEK",50848,"Southern Mainland-Southern Fjords_FA_0.x","CK-28"
"16114","Ck_SBC","KLINAKLINI RIVER",50878,"Klinaklini_SU_1.3","CK-35"
"16121","Ck_SBC","AHNUHATI RIVER",50898,"Southern Mainland-Southern Fjords_FA_0.x","CK-28"
"16131","Ck_SBC","KWALATE CREEK",50908,"Southern Mainland-Southern Fjords_FA_0.x","CK-28"
"16132","Ck_SBC","KAKWEIKEN RIVER",50978,"Southern Mainland-Southern Fjords_FA_0.x","CK-28"
"16139","Ck_SBC","AHTA RIVER",50988,"Southern Mainland-Southern Fjords_FA_0.x","CK-28"
"16142","Ck_SBC","KINGCOME RIVER",51098,"Southern Mainland-Southern Fjords_FA_0.x","CK-28"
"16155","Ck_SBC","WAKEMAN RIVER",51118,"Southern Mainland-Southern Fjords_FA_0.x","CK-28"
"16168","Ck_SBC","ROSEWALL CREEK",51298,"East Vancouver Island-Qualicum & Puntledge_FA_0.x","CK-27"
"16169","Ck_SBC","QUALICUM RIVER",51368,"East Vancouver Island-Qualicum & Puntledge_FA_0.x","CK-27"
"16193","Ck_SBC","LITTLE QUALICUM RIVER",51388,"East Vancouver Island-Qualicum & Puntledge_FA_0.x","CK-27"
"16217","Ck_SBC","ENGLISHMAN RIVER",51418,"East Vancouver Island-Qualicum & Puntledge_FA_0.x","CK-27"
"16241","Ck_SBC","NANOOSE CREEK",51438,"East Vancouver Island-Qualicum & Puntledge_FA_0.x","CK-27"
"16242","Ck_SBC","NANAIMO RIVER",51518,"East Vancouver Island-Georgia Strait_SU_0.3","CK-83"
"16282","Ck_SBC","NANAIMO RIVER",51519,"East Vancouver Island-Nanaimo & Chemainus_FA_0.x","CK-25"
"16306","Ck_SBC","HASLAM CREEK",51528,"East Vancouver Island-Nanaimo & Chemainus_FA_0.x","CK-25"
"16312","Ck_SBC","TSABLE RIVER",52058,"East Vancouver Island-Qualicum & Puntledge_FA_0.x","CK-27"
"16313","Ck_SBC","KENNEDY RIVER-UPPER",52108,"West Vancouver Island-South_FA_0.x","CK-31"
"16327","Ck_SBC","KENNEDY RIVER-LOWER",52118,"West Vancouver Island-South_FA_0.x","CK-31"
"16345","Ck_SBC","CLAYOQUOT RIVER-LOWER",52153,"West Vancouver Island-South_FA_0.x","CK-31"
"16347","Ck_SBC","CLAYOQUOT RIVER-UPPER",52163,"West Vancouver Island-South_FA_0.x","CK-31"
"16351","Ck_SBC","TOFINO CREEK",52208,"West Vancouver Island-South_FA_0.x","CK-31"
"16355","Ck_SBC","TRANQUIL CREEK",52218,"West Vancouver Island-South_FA_0.x","CK-31"
"16379","Ck_SBC","WARN BAY CREEK",52228,"West Vancouver Island-South_FA_0.x","CK-31"
"16392","Ck_SBC","CYPRE RIVER",52338,"West Vancouver Island-South_FA_0.x","CK-31"
"16416","Ck_SBC","NAHWITTI RIVER",52528,"East Vancouver Island-North_FA_0.x","CK-29"
"16417","Ck_SBC","QUATSE RIVER",52573,"East Vancouver Island-North_FA_0.x","CK-29"
"16429","Ck_SBC","CLUXEWE RIVER",52603,"East Vancouver Island-North_FA_0.x","CK-29"
"16432","Ck_SBC","NIMPKISH RIVER",52633,"East Vancouver Island-North_FA_0.x","CK-29"
"16456","Ck_SBC","KOKISH RIVER",52663,"East Vancouver Island-North_FA_0.x","CK-29"
"16467","Ck_SBC","TSITIKA RIVER",52678,"East Vancouver Island-North_FA_0.x","CK-29"
"16469","Ck_SBC","ADAM RIVER",52698,"East Vancouver Island-North_FA_0.x","CK-29"
"16489","Ck_SBC","EVE RIVER",52708,"East Vancouver Island-North_FA_0.x","CK-29"
"16490","Ck_SBC","SALMON RIVER",52718,"East Vancouver Island-North_FA_0.x","CK-29"
"16510","Ck_SBC","WHITE RIVER",52728,"East Vancouver Island-North_FA_0.x","CK-29"
"16511","Ck_SBC","AMOR DE COSMOS CREEK",52738,"East Vancouver Island-North_FA_0.x","CK-29"
"16522","Ck_SBC","MCKERCHER CREEK",52848,"East Vancouver Island-North_FA_0.x","CK-29"
"16523","Ck_SBC","DREW CREEK",52858,"East Vancouver Island-North_FA_0.x","CK-29"
"16525","Ck_SBC","GRANITE BAY CREEK",52868,"East Vancouver Island-North_FA_0.x","CK-29"
"16526","Ck_SBC","MENZIES CREEK",52898,"East Vancouver Island-North_FA_0.x","CK-29"
"16542","Ck_SBC","MOHUN CREEK",52908,"East Vancouver Island-North_FA_0.x","CK-29"
"16545","Ck_SBC","CAMPBELL RIVER",52918,"East Vancouver Island-North_FA_0.x","CK-29"
"16565","Ck_SBC","QUINSAM RIVER",52948,"East Vancouver Island-North_FA_0.x","CK-29"
"16585","Ck_SBC","SIMMS CREEK",52958,"East Vancouver Island-Qualicum & Puntledge_FA_0.x","CK-27"
"16594","Ck_SBC","WILLOW CREEK",52968,"East Vancouver Island-Qualicum & Puntledge_FA_0.x","CK-27"
"16598","Ck_SBC","WOODS CREEK",52978,"East Vancouver Island-Qualicum & Puntledge_FA_0.x","CK-27"
"16599","Ck_SBC","OYSTER RIVER",52998,"East Vancouver Island-Qualicum & Puntledge_FA_0.x","CK-27"
"16616","Ck_SBC","BLACK CREEK",53018,"East Vancouver Island-Qualicum & Puntledge_FA_0.x","CK-27"
"16617","Ck_SBC","PUNTLEDGE RIVER",53068,"East Vancouver Island-Georgia Strait_SU_0.3","CK-83"
"16646","Ck_SBC","PUNTLEDGE RIVER",53069,"East Vancouver Island-Qualicum & Puntledge_FA_0.x","CK-27"
"16670","Ck_SBC","MORRISON CREEK",53108,"East Vancouver Island-Qualicum & Puntledge_FA_0.x","CK-27"
"16673","Co_Fraser","Nahatlatch R",NA,"Fraser Canyon","CO_05"
"16717","Co_Fraser","Bonaparte R",NA,"Lower Thompson","CO_07"
"16718","Co_Fraser","Coldwater R",NA,"Lower Thompson","CO_07"
"16719","Co_Fraser","Deadman R",NA,"Lower Thompson","CO_07"
"16720","Co_Fraser","Spius Cr",NA,"Lower Thompson","CO_07"
"16721","Co_Fraser","Tranquille R",NA,"Lower Thompson","CO_07"
"16937","Co_Fraser","Bridge R",NA,"Middle Fraser","CO_06"
"16938","Co_Fraser","Chilko R",NA,"Middle Fraser","CO_06"
"16939","Co_Fraser","Gates Cr",NA,"Middle Fraser","CO_06"
"16940","Co_Fraser","Hazeltine Cr (Edney)",NA,"Middle Fraser","CO_06"
"16941","Co_Fraser","Horsefly R",NA,"Middle Fraser","CO_06"
"16942","Co_Fraser","Little Horsefly R",NA,"Middle Fraser","CO_06"
"16943","Co_Fraser","McKinley Cr",NA,"Middle Fraser","CO_06"
"16944","Co_Fraser","Mitchell R",NA,"Middle Fraser","CO_06"
"16945","Co_Fraser","Penfold Cr",NA,"Middle Fraser","CO_06"
"16946","Co_Fraser","Portage Cr",NA,"Middle Fraser","CO_06"
"16947","Co_Fraser","Seton R (Sp Channels)",NA,"Middle Fraser","CO_06"
"17421","Co_Fraser","Albreda R",NA,"North Thompson","CO_09"
"17422","Co_Fraser","Avola Cr",NA,"North Thompson","CO_09"
"17423","Co_Fraser","Barriere R",NA,"North Thompson","CO_09"
"17424","Co_Fraser","Barriere R (lwr)",NA,"North Thompson","CO_09"
"17425","Co_Fraser","Barriere R (upr)",NA,"North Thompson","CO_09"
"17426","Co_Fraser","Birch Island Channel",NA,"North Thompson","CO_09"
"17427","Co_Fraser","Blue R",NA,"North Thompson","CO_09"
"17428","Co_Fraser","Cedar Cr",NA,"North Thompson","CO_09"
"17429","Co_Fraser","Cook Cr",NA,"North Thompson","CO_09"
"17430","Co_Fraser","Darlington Cr",NA,"North Thompson","CO_09"
"17431","Co_Fraser","Dunn Cr",NA,"North Thompson","CO_09"
"17432","Co_Fraser","E Barriere R",NA,"North Thompson","CO_09"
"17433","Co_Fraser","Fennell Cr",NA,"North Thompson","CO_09"
"17434","Co_Fraser","Finn Cr",NA,"North Thompson","CO_09"
"17435","Co_Fraser","Haggard Cr",NA,"North Thompson","CO_09"
"17436","Co_Fraser","Harper Cr",NA,"North Thompson","CO_09"
"17437","Co_Fraser","Lemieux Cr",NA,"North Thompson","CO_09"
"17438","Co_Fraser","Lindquist Cr",NA,"North Thompson","CO_09"
"17439","Co_Fraser","Louis Cr",NA,"North Thompson","CO_09"
"17440","Co_Fraser","Lyon Cr",NA,"North Thompson","CO_09"
"17441","Co_Fraser","Mann Cr",NA,"North Thompson","CO_09"
"17442","Co_Fraser","N Thompson R (mid)",NA,"North Thompson","CO_09"
"17443","Co_Fraser","N Thompson R (upr)",NA,"North Thompson","CO_09"
"17444","Co_Fraser","Paul Cr",NA,"North Thompson","CO_09"
"17445","Co_Fraser","Peterson Cr",NA,"North Thompson","CO_09"
"17446","Co_Fraser","Pig Channel",NA,"North Thompson","CO_09"
"17447","Co_Fraser","Raft R",NA,"North Thompson","CO_09"
"17448","Co_Fraser","Reg Christie Cr",NA,"North Thompson","CO_09"
"17449","Co_Fraser","Saskum Cr",NA,"North Thompson","CO_09"
"17450","Co_Fraser","Shannon Cr",NA,"North Thompson","CO_09"
"17451","Co_Fraser","Tumtum Cr",NA,"North Thompson","CO_09"
"17452","Co_Fraser","Wire Cache Cr",NA,"North Thompson","CO_09"
"18829","Co_Fraser","Adams R (upr)",NA,"South Thompson","CO_08"
"18830","Co_Fraser","Anstey R",NA,"South Thompson","CO_08"
"18831","Co_Fraser","Bessette Cr",NA,"South Thompson","CO_08"
"18832","Co_Fraser","Blurton Cr",NA,"South Thompson","CO_08"
"18833","Co_Fraser","Canoe Cr",NA,"South Thompson","CO_08"
"18834","Co_Fraser","Cayenne Cr",NA,"South Thompson","CO_08"
"18835","Co_Fraser","Celista Cr",NA,"South Thompson","CO_08"
"18836","Co_Fraser","Crazy Cr",NA,"South Thompson","CO_08"
"18837","Co_Fraser","Creighton Cr",NA,"South Thompson","CO_08"
"18838","Co_Fraser","Danforth Cr (Kingfisher Cr)",NA,"South Thompson","CO_08"
"18839","Co_Fraser","Duteau Cr",NA,"South Thompson","CO_08"
"18840","Co_Fraser","Eagle R",NA,"South Thompson","CO_08"
"18841","Co_Fraser","Harbour Cr",NA,"South Thompson","CO_08"
"18842","Co_Fraser","Harris Cr",NA,"South Thompson","CO_08"
"18843","Co_Fraser","Hiuihill Cr",NA,"South Thompson","CO_08"
"18844","Co_Fraser","Hunakwa Cr",NA,"South Thompson","CO_08"
"18845","Co_Fraser","Ireland Cr",NA,"South Thompson","CO_08"
"18846","Co_Fraser","Johnson Cr",NA,"South Thompson","CO_08"
"18847","Co_Fraser","McNomee Cr",NA,"South Thompson","CO_08"
"18848","Co_Fraser","Momich R",NA,"South Thompson","CO_08"
"18849","Co_Fraser","Nikwikwaia Cr",NA,"South Thompson","CO_08"
"18850","Co_Fraser","Onyx Cr",NA,"South Thompson","CO_08"
"18851","Co_Fraser","Owlhead Cr",NA,"South Thompson","CO_08"
"18852","Co_Fraser","Perry R",NA,"South Thompson","CO_08"
"18853","Co_Fraser","Salmon R",NA,"South Thompson","CO_08"
"18854","Co_Fraser","Scotch Cr",NA,"South Thompson","CO_08"
"18855","Co_Fraser","Senn Cr",NA,"South Thompson","CO_08"
"18856","Co_Fraser","Seymour R",NA,"South Thompson","CO_08"
"18857","Co_Fraser","Shuswap R (lwr)",NA,"South Thompson","CO_08"
"18858","Co_Fraser","Shuswap R (mid)",NA,"South Thompson","CO_08"
"18859","Co_Fraser","Sinmax Cr",NA,"South Thompson","CO_08"
"18860","Co_Fraser","South Pass Cr",NA,"South Thompson","CO_08"
"18861","Co_Fraser","Tappen Cr",NA,"South Thompson","CO_08"
"18862","Co_Fraser","Trinity Cr",NA,"South Thompson","CO_08"
"18863","Co_Fraser","Wap Cr",NA,"South Thompson","CO_08"
"18864","Co_Fraser","Wright Cr",NA,"South Thompson","CO_08"
"18865","Co_Fraser","Yard Cr",NA,"South Thompson","CO_08"
