SITE NAME,CU NAME,CU TYPE,FID,SP QUAL,POP ID,GFE ID,GEO FEATURE TYPE,YLAT,XLONG,FAZ_ACRO,MAZ_ACRO,JAZ_ACRO,CU INDEX,OBJECTID
OKANAGAN RIVER,Osoyoos,Current,0,SEL,1864,442,Stream,49.07636988,-119.5181801,OK,ORWA,OK+ORWA,SEL-01-01,1
CHILLIWACK LAKE,Chilliwack-Early Summer Timing,Current,1,SEL,45092,2440,Lake,49.08279015,-121.4559459,LFR,GStr,LFR+GStr,SEL-03-01,2
CHILLIWACK RIVER-UPPER,Chilliwack-Early Summer Timing,Current,2,SEL,46986,63,Stream segment,49.01504784,-121.4086645,LFR,GStr,LFR+GStr,SEL-03-01,3
DEPOT CREEK,Chilliwack-Early Summer Timing,Current,3,SEL,7726,85,Stream,49.02928794,-121.4015167,LFR,GStr,LFR+GStr,SEL-03-01,4
CULTUS LAKE,Cultus-Late Timing,Current,4,SEL,45093,2441,Lake,49.07507039,-121.9817234,LFR,GStr,LFR+GStr,SEL-03-02,5
BIG SILVER CREEK,Harrison-downstream migrating-Late Timing,Current,5,SEL,46072,192,Stream,49.57559391,-121.8286997,LFR,GStr,LFR+GStr,SEL-03-03,6
COGBURN CREEK,Harrison-downstream migrating-Late Timing,Current,6,SEL,46065,190,Stream,49.53455563,-121.7638652,LFR,GStr,LFR+GStr,SEL-03-03,7
CRAZY CREEK/LFR,Harrison-downstream migrating-Late Timing,Current,7,SEL,3091,2767,Stream,49.73760252,-122.1501069,LFR,GStr,LFR+GStr,SEL-03-03,8
DOUGLAS CREEK/LILL,Harrison-downstream migrating-Late Timing,Current,8,SEL,46083,195,Stream,49.76361308,-122.1547819,LILL,GStr,LILL+GStr,SEL-03-03,9
FIFTEEN MILE CREEK/LFR,Harrison-downstream migrating-Late Timing,Current,9,SEL,61071,5000189,Stream,49.49405753,-121.76506,LFR,GStr,LFR+GStr,SEL-03-03,10
HARRISON LAKE,Harrison-downstream migrating-Late Timing,Current,10,SEL,45086,2435,Lake,49.32683266,-121.7812318,LFR,GStr,LFR+GStr,SEL-03-03,11
MYSTERY CREEK,Harrison-downstream migrating-Late Timing,Current,11,SEL,46063,189,Stream,49.52722769,-121.8856869,LFR,GStr,LFR+GStr,SEL-03-03,12
PURCELL CREEK,Harrison-downstream migrating-Late Timing,Current,12,SEL,46088,196,Stream,49.74075361,-122.1020492,LFR,GStr,LFR+GStr,SEL-03-03,13
SLOQUET CREEK,Harrison-downstream migrating-Late Timing,Current,13,SEL,46093,197,Stream,49.76499948,-122.2029894,LILL,GStr,LILL+GStr,SEL-03-03,14
TIPELLA CREEK,Harrison-downstream migrating-Late Timing,Current,14,SEL,46078,194,Stream,49.74315616,-122.1508804,LFR,GStr,LFR+GStr,SEL-03-03,15
TROUT LAKE CREEK,Harrison-downstream migrating-Late Timing,Current,15,SEL,46059,188,Stream,49.3419005,-121.7474738,LFR,GStr,LFR+GStr,SEL-03-03,16
TWENTY MILE CREEK,Harrison-downstream migrating-Late Timing,Current,16,SEL,46069,191,Stream,49.5340066,-121.8840218,LFR,GStr,LFR+GStr,SEL-03-03,17
EAST CREEK/LFR,Harrison-upstream migrating-Late Timing,Current,17,SEL,46055,186,Stream,49.31678927,-121.8835652,LFR,GStr,LFR+GStr,SEL-03-04,18
SAKWI CREEK,Harrison-upstream migrating-Late Timing,Current,18,SEL,69022,185,Stream,49.32931022,-121.8778564,LFR,GStr,LFR+GStr,SEL-03-04,19
STEELHEAD CREEK/LFR(2),Harrison-upstream migrating-Late Timing,Current,19,SEL,46049,2002436,Stream,49.32592004,-121.876389,LFR,GStr,LFR+GStr,SEL-03-04,20
STEELHEAD CREEK/LFR(2),Harrison-upstream migrating-Late Timing,Current,20,SEL,61066,2002436,Stream,49.32592004,-121.876389,LFR,GStr,LFR+GStr,SEL-03-04,21
WEAVER  SPAWNING CHANNEL,Harrison-upstream migrating-Late Timing,Current,21,SEL,45087,2436,Artificial Channel,49.3212,-121.8836,LFR,GStr,LFR+GStr,SEL-03-04,22
WEAVER CREEK,Harrison-upstream migrating-Late Timing,Current,22,SEL,46044,183,Stream,49.31411526,-121.8770135,LFR,GStr,LFR+GStr,SEL-03-04,23
CORBOLD CREEK,Pitt-Early Summer Timing,Current,23,SEL,7690,3492,Stream,49.61630923,-122.6476711,LFR,GStr,LFR+GStr,SEL-03-05,24
FISH HATCHERY CREEK,Pitt-Early Summer Timing,Current,24,SEL,7695,3507,Stream,49.6060825,-122.6337432,LFR,GStr,LFR+GStr,SEL-03-05,25
NORTH BOISE CREEK,Pitt-Early Summer Timing,Current,25,SEL,7691,26776,Stream,49.62092976,-122.6625607,LFR,GStr,LFR+GStr,SEL-03-05,26
PITT LAKE,Pitt-Early Summer Timing,Current,26,SEL,45095,2443,Lake,49.395436,-122.5599964,LFR,GStr,LFR+GStr,SEL-03-05,27
PITT RIVER-UPPER,Pitt-Early Summer Timing,Current,27,SEL,47917,13,Stream,49.56628595,-122.6343385,LFR,GStr,LFR+GStr,SEL-03-05,28
SLOUGH CREEK,Pitt-Early Summer Timing,Current,28,SEL,7696,3506,Slough,49.55024439,-122.6154395,LFR,GStr,LFR+GStr,SEL-03-05,29
SOUTH BOISE CREEK,Pitt-Early Summer Timing,Current,29,SEL,7692,26777,Stream,49.60450418,-122.6416405,LFR,GStr,LFR+GStr,SEL-03-05,30
UPPER PITT CHANNEL,Pitt-Early Summer Timing,Current,30,SEL,7693,26806,Artificial Channel,49.54896007,-122.6141134,LFR,GStr,LFR+GStr,SEL-03-05,31
BIRKENHEAD RIVER,Lillooet/Harrison-Late Timing,Current,31,SEL,46098,198,Stream,50.30644079,-122.6070114,LILL,GStr,LILL+GStr,SEL-04-01,61
GREEN RIVER/LILL,Lillooet/Harrison-Late Timing,Current,32,SEL,46107,201,Stream,50.30147365,-122.7224003,LILL,GStr,LILL+GStr,SEL-04-01,62
JOHN SANDY CREEK,Lillooet/Harrison-Late Timing,Current,33,SEL,46132,206,Stream,50.48484089,-122.9444129,LILL,GStr,LILL+GStr,SEL-04-01,63
LILLOOET RIVER-UPPER,Lillooet/Harrison-Late Timing,Current,34,SEL,46025,178,Stream segment,50.30287519,-122.6340291,LILL,GStr,LILL+GStr,SEL-04-01,64
MILLER CREEK/LILL,Lillooet/Harrison-Late Timing,Current,35,SEL,46117,203,Stream,50.35615798,-122.8325957,LILL,GStr,LILL+GStr,SEL-04-01,65
PEMBERTON CREEK,Lillooet/Harrison-Late Timing,Current,36,SEL,46112,202,Stream,50.30854893,-122.7670817,LILL,GStr,LILL+GStr,SEL-04-01,66
POOLE CREEK,Lillooet/Harrison-Late Timing,Current,37,SEL,46102,200,Stream,50.43542667,-122.6930628,LILL,GStr,LILL+GStr,SEL-04-01,67
RAILROAD CREEK,Lillooet/Harrison-Late Timing,Current,38,SEL,46147,209,Stream,50.53034875,-123.0505462,LILL,GStr,LILL+GStr,SEL-04-01,68
RYAN RIVER,Lillooet/Harrison-Late Timing,Current,39,SEL,46122,204,Stream,50.3589405,-122.8356076,LILL,GStr,LILL+GStr,SEL-04-01,69
SALMON CREEK/LILL,Lillooet/Harrison-Late Timing,Current,40,SEL,46137,207,Stream,50.48833354,-122.9546172,LILL,GStr,LILL+GStr,SEL-04-01,70
SAMPSON CREEK,Lillooet/Harrison-Late Timing,Current,41,SEL,46152,210,Stream,50.53344979,-123.1181936,LILL,GStr,LILL+GStr,SEL-04-01,71
TAILLEFER CREEK,Lillooet/Harrison-Late Timing,Current,42,SEL,7743,54098,Stream,50.49871358,-122.7322623,LILL,GStr,LILL+GStr,SEL-04-01,72
NAHATLATCH LAKE,Nahatlatch-Early Summer Timing,Current,43,SEL,45094,2442,Lake,50.00441549,-121.7213805,FRCany,GStr,FRCany+GStr,SEL-05-02,73
NAHATLATCH RIVER,Nahatlatch-Early Summer Timing,Current,44,SEL,47157,125,Stream,49.9779149,-121.5120321,FRCany,GStr,FRCany+GStr,SEL-05-02,74
ANDERSON LAKE SHORELINE,Anderson/Seton-Early Summer Timing,Current,45,SEL,7727,31897,Lake Portion,50.54815674,-122.4688024,MFR,GStr,MFR+GStr,SEL-06-01,75
GATES CHANNEL,Anderson/Seton-Early Summer Timing,Current,46,SEL,45102,2450,Artificial Channel,50.54794706,-122.4821128,MFR,GStr,MFR+GStr,SEL-06-01,76
GATES RIVER,Anderson/Seton-Early Summer Timing,Current,47,SEL,47211,132,Stream,50.55181255,-122.4731293,MFR,GStr,MFR+GStr,SEL-06-01,77
HAYLMORE CREEK,Anderson/Seton-Early Summer Timing,Current,48,SEL,7688,26805,Stream,50.53911862,-122.4907337,MFR,GStr,MFR+GStr,SEL-06-01,78
LOST VALLEY CREEK-LAKE SHORE,Anderson/Seton-Early Summer Timing,Current,49,SEL,7644,26778,Lake Portion,50.67298563,-122.3382323,MFR,GStr,MFR+GStr,SEL-06-01,79
SPRUCE CREEK,Anderson/Seton-Early Summer Timing,Current,50,SEL,7762,54280,Stream,50.52188757,-122.4960993,MFR,GStr,MFR+GStr,SEL-06-01,80
CHILKO LAKE-SOUTH END,Chilko-Early Summer Timing,Current,51,SEL,45081,2431,Lake Portion,51.10225386,-124.0318793,MFR,GStr,MFR+GStr,SEL-06-02,81
CHILKO LAKE-NORTH END,Chilko-Summer Timing,Current,52,SEL,45080,2430,Lake Portion,51.59773192,-124.1573668,MFR,GStr,MFR+GStr,SEL-06-03,82
CHILKO RIVER,Chilko-Summer Timing,Current,53,SEL,46843,286,Stream,52.09590138,-123.4604675,MFR,GStr,MFR+GStr,SEL-06-03,83
CHILKO SPAWNING CHANNELS,Chilko-Summer Timing,Current,54,SEL,45079,2429,Artificial Channel,51.616847,-124.1469793,MFR,GStr,MFR+GStr,SEL-06-03,84
ENDAKO RIVER,Francois/Fraser-Summer Timing,Current,55,SEL,69050,299,Stream,54.04983464,-124.9040503,MFR,GStr,MFR+GStr,SEL-06-07,85
FRANCOIS LAKE,Francois/Fraser-Summer Timing,Current,56,SEL,45806,386,Lake,54.00821315,-125.0080082,MFR,GStr,MFR+GStr,SEL-06-07,86
NITHI RIVER,Francois/Fraser-Summer Timing,Current,57,SEL,45522,301,Stream,53.97782175,-124.9845659,MFR,GStr,MFR+GStr,SEL-06-07,87
ORMOND CREEK,Francois/Fraser-Summer Timing,Current,58,SEL,69046,298,Stream,54.08838763,-124.7490804,MFR,GStr,MFR+GStr,SEL-06-07,88
STELLAKO RIVER,Francois/Fraser-Summer Timing,Current,59,SEL,46013,297,Stream,54.05564097,-124.8844677,MFR,GStr,MFR+GStr,SEL-06-07,89
SWEETNAM CREEK,Francois/Fraser-Summer Timing,Current,60,SEL,44733,2639,Stream,54.00762148,-125.0312498,MFR,GStr,MFR+GStr,SEL-06-07,90
UNCHA CREEK,Francois/Fraser-Summer Timing,Current,61,SEL,45523,302,Stream,53.97406064,-125.510557,MFR,GStr,MFR+GStr,SEL-06-07,91
ABBOTT CREEK,Quesnel-Summer Timing,Current,62,SEL,45054,2403,Stream,52.54260358,-121.1779389,MFR,GStr,MFR+GStr,SEL-06-10,92
BAXTER BEACH,Quesnel-Summer Timing,Current,63,SEL,3363,11513,Lake Portion,52.72205643,-120.8599504,MFR,GStr,MFR+GStr,SEL-06-10,93
BEAR BEACH-LAKE SHORE,Quesnel-Summer Timing,Current,64,SEL,3364,11514,Lake Portion,52.72205643,-120.8599504,MFR,GStr,MFR+GStr,SEL-06-10,94
BETTY FRANK'S-LAKE SHORE,Quesnel-Summer Timing,Current,65,SEL,3365,11515,Lake Portion,52.72205643,-120.8599504,MFR,GStr,MFR+GStr,SEL-06-10,95
BIG SLIDE-LAKE SHORE,Quesnel-Summer Timing,Current,66,SEL,3342,11492,Lake Portion,52.60429232,-120.4943988,MFR,GStr,MFR+GStr,SEL-06-10,96
BIG SLIDE-LAKE SHORE-1KM W,Quesnel-Summer Timing,Current,67,SEL,3343,11493,Lake Portion,52.520373,-120.938721,MFR,GStr,MFR+GStr,SEL-06-10,97
BILL MINER CREEK,Quesnel-Summer Timing,Current,68,SEL,45070,2419,Stream,52.58170111,-120.5620894,MFR,GStr,MFR+GStr,SEL-06-10,98
BILL MINER CREEK-LAKE SHORE,Quesnel-Summer Timing,Current,69,SEL,3344,11494,Lake Portion,52.58192397,-120.5569187,MFR,GStr,MFR+GStr,SEL-06-10,99
BILL MINER CREEK-LAKE SHORE-3KM W,Quesnel-Summer Timing,Current,70,SEL,3345,11495,Lake Portion,52.57279818,-120.6088624,MFR,GStr,MFR+GStr,SEL-06-10,100
BLUE LEAD CREEK,Quesnel-Summer Timing,Current,71,SEL,45073,2422,Stream,52.61570352,-120.3838655,MFR,GStr,MFR+GStr,SEL-06-10,101
BLUE LEAD CREEK-LAKE SHORE,Quesnel-Summer Timing,Current,72,SEL,3346,11496,Lake Portion,52.615223,-120.3815241,MFR,GStr,MFR+GStr,SEL-06-10,102
BOULDERY CREEK,Quesnel-Summer Timing,Current,73,SEL,45066,2415,Stream,52.51046296,-120.6877112,MFR,GStr,MFR+GStr,SEL-06-10,103
BOULDERY CREEK-E-LAKE SHORE,Quesnel-Summer Timing,Current,74,SEL,3348,11498,Lake Portion,52.51103511,-120.6878281,MFR,GStr,MFR+GStr,SEL-06-10,104
BOULDERY CREEK-LAKE SHORE,Quesnel-Summer Timing,Current,75,SEL,3347,11497,Lake Portion,52.51019936,-120.689054,MFR,GStr,MFR+GStr,SEL-06-10,105
BOWLING CREEK,Quesnel-Summer Timing,Current,76,SEL,61010,7713,Stream,52.72205643,-120.8599504,MFR,GStr,MFR+GStr,SEL-06-10,106
BOWLING CREEK-LAKE SHORE,Quesnel-Summer Timing,Current,77,SEL,61078,5007713,Lake Portion,52.72267434,-120.8593811,MFR,GStr,MFR+GStr,SEL-06-10,107
BOWLING POINT,Quesnel-Summer Timing,Current,78,SEL,3366,11516,Lake Portion,52.72205643,-120.8599504,MFR,GStr,MFR+GStr,SEL-06-10,108
BOWLING POINT TO GOOSE POINT,Quesnel-Summer Timing,Current,79,SEL,3382,11532,Lake Portion,52.72985497,-120.851015,MFR,GStr,MFR+GStr,SEL-06-10,109
BUCKINGHAM CREEK/MFR,Quesnel-Summer Timing,Current,80,SEL,45067,2416,Stream,52.55247852,-120.6938616,MFR,GStr,MFR+GStr,SEL-06-10,110
CAMERON CREEK/MFR,Quesnel-Summer Timing,Current,81,SEL,45061,2410,Stream,52.82644752,-120.8090557,MFR,GStr,MFR+GStr,SEL-06-10,111
DECEPTION POINT,Quesnel-Summer Timing,Current,82,SEL,45077,2426,Lake Portion,52.65333333,-120.9527778,MFR,GStr,MFR+GStr,SEL-06-10,112
DEVOE CREEK,Quesnel-Summer Timing,Current,83,SEL,45057,2406,Stream,52.64785974,-120.9926854,MFR,GStr,MFR+GStr,SEL-06-10,113
DEVOE CREEK-LAKE SHORE,Quesnel-Summer Timing,Current,84,SEL,3367,11517,Lake Portion,52.64880367,-120.9907587,MFR,GStr,MFR+GStr,SEL-06-10,114
DOUBLE T-LAKE SHORE,Quesnel-Summer Timing,Current,85,SEL,3349,11499,Lake Portion,52.502517,-120.985979,MFR,GStr,MFR+GStr,SEL-06-10,115
ELYSIA SHORE,Quesnel-Summer Timing,Current,86,SEL,3350,11500,Lake Portion,52.51657269,-121.0469811,MFR,GStr,MFR+GStr,SEL-06-10,116
ELYSIA SHORE-1KM W,Quesnel-Summer Timing,Current,87,SEL,3413,11561,Lake Portion,52.51668336,-121.0472747,MFR,GStr,MFR+GStr,SEL-06-10,117
FRANKS CREEK,Quesnel-Summer Timing,Current,88,SEL,45068,2417,Stream,52.56589551,-120.6799283,MFR,GStr,MFR+GStr,SEL-06-10,118
FRANKS CREEK-LAKE SHORE,Quesnel-Summer Timing,Current,89,SEL,3351,11501,Lake Portion,52.56697045,-120.6766646,MFR,GStr,MFR+GStr,SEL-06-10,119
GOOSE CREEK/MFR,Quesnel-Summer Timing,Current,90,SEL,3078,2754,Stream,52.74890615,-120.8353937,MFR,GStr,MFR+GStr,SEL-06-10,120
GOOSE CREEK-LAKE SHORE 0.8KM S,Quesnel-Summer Timing,Current,91,SEL,3369,11519,Lake Portion,52.74754944,-120.8361346,MFR,GStr,MFR+GStr,SEL-06-10,121
GOOSE CREEK-S-LAKE SHORE,Quesnel-Summer Timing,Current,92,SEL,61079,23673,Lake Portion,52.75182898,-120.836885,MFR,GStr,MFR+GStr,SEL-06-10,122
GOOSE POINT-LAKE SHORE,Quesnel-Summer Timing,Current,93,SEL,3368,11518,Lake Portion,52.75378888,-120.8364488,MFR,GStr,MFR+GStr,SEL-06-10,123
GOOSE POINT-LAKE SHORE-5 KM S,Quesnel-Summer Timing,Current,94,SEL,3370,11520,Lake Portion,52.75019071,-120.837015,MFR,GStr,MFR+GStr,SEL-06-10,124
GRAIN CREEK,Quesnel-Summer Timing,Current,95,SEL,45055,2404,Stream,52.60138297,-121.0200541,MFR,GStr,MFR+GStr,SEL-06-10,125
GRAIN CREEK-LAKE SHORE,Quesnel-Summer Timing,Current,96,SEL,3371,11521,Lake Portion,52.60208859,-121.019542,MFR,GStr,MFR+GStr,SEL-06-10,126
HAZELTINE CREEK,Quesnel-Summer Timing,Current,97,SEL,45039,2397,Stream,52.50002905,-121.5033653,MFR,GStr,MFR+GStr,SEL-06-10,127
HORSEFLY CHANNEL,Quesnel-Summer Timing,Current,98,SEL,45100,2448,Artificial Channel,52.34,-121.4014,MFR,GStr,MFR+GStr,SEL-06-10,128
HORSEFLY LAKE,Quesnel-Summer Timing,Current,99,SEL,45101,2449,Lake,52.35941766,-121.3168397,MFR,GStr,MFR+GStr,SEL-06-10,129
HORSEFLY RIVER,Quesnel-Summer Timing,Current,100,SEL,46893,291,Stream,52.46540443,-121.3887587,MFR,GStr,MFR+GStr,SEL-06-10,130
HORSEFLY RIVER-UPPER,Quesnel-Summer Timing,Current,101,SEL,45097,2445,Stream segment,52.34135176,-121.4036967,MFR,GStr,MFR+GStr,SEL-06-10,131
HURRICANE POINT SHORE,Quesnel-Summer Timing,Current,102,SEL,3352,11502,Lake Portion,52.544874,-121.02483,MFR,GStr,MFR+GStr,SEL-06-10,132
ISAIAH CREEK,Quesnel-Summer Timing,Current,103,SEL,45064,2413,Stream,52.65278849,-120.9514986,MFR,GStr,MFR+GStr,SEL-06-10,133
JUNCTION CREEK,Quesnel-Summer Timing,Current,104,SEL,3079,2755,Stream,52.56041038,-120.9933749,MFR,GStr,MFR+GStr,SEL-06-10,134
JUNCTION CREEK-LAKE SHORE,Quesnel-Summer Timing,Current,105,SEL,3353,11503,Lake Portion,52.56330782,-120.9985808,MFR,GStr,MFR+GStr,SEL-06-10,135
KILLDOG CREEK,Quesnel-Summer Timing,Current,106,SEL,45072,2421,Stream,52.59090242,-120.41019,MFR,GStr,MFR+GStr,SEL-06-10,136
KILLDOG CREEK-LAKE SHORE,Quesnel-Summer Timing,Current,107,SEL,3354,11504,Lake Portion,52.59357088,-120.4065321,MFR,GStr,MFR+GStr,SEL-06-10,137
LESTER SHORE,Quesnel-Summer Timing,Current,108,SEL,3372,11522,Lake Portion,52.72773681,-120.8524594,MFR,GStr,MFR+GStr,SEL-06-10,138
LIMESTONE CREEK/MFR,Quesnel-Summer Timing,Current,109,SEL,3262,2834,Stream,52.73458526,-120.8826813,MFR,GStr,MFR+GStr,SEL-06-10,139
LIMESTONE PIONT-LAKE SHORE,Quesnel-Summer Timing,Current,110,SEL,3373,11524,Lake Portion,52.73801707,-120.8638702,MFR,GStr,MFR+GStr,SEL-06-10,140
LIMESTONE PIONT-LAKE SHORE-S,Quesnel-Summer Timing,Current,111,SEL,3374,11523,Lake Portion,52.73751495,-120.8700546,MFR,GStr,MFR+GStr,SEL-06-10,141
LITTLE HORSEFLY RIVER,Quesnel-Summer Timing,Current,112,SEL,46903,292,Stream,52.36180586,-121.3968828,MFR,GStr,MFR+GStr,SEL-06-10,142
LOGGER LANDING,Quesnel-Summer Timing,Current,113,SEL,3375,11525,Lake Portion,52.73502954,-120.8428468,MFR,GStr,MFR+GStr,SEL-06-10,143
LONG CREEK,Quesnel-Summer Timing,Current,114,SEL,45058,2407,Stream,52.66742351,-120.9628713,MFR,GStr,MFR+GStr,SEL-06-10,144
LONG CREEK-LAKE SHORE,Quesnel-Summer Timing,Current,115,SEL,3376,11526,Lake Portion,52.67150157,-120.9550883,MFR,GStr,MFR+GStr,SEL-06-10,145
LYNX CREEK,Quesnel-Summer Timing,Current,116,SEL,45069,2418,Stream,52.58720542,-120.6562168,MFR,GStr,MFR+GStr,SEL-06-10,146
LYNX CREEK-LAKE SHORE,Quesnel-Summer Timing,Current,117,SEL,3355,11505,Lake Portion,52.58400806,-120.64216,MFR,GStr,MFR+GStr,SEL-06-10,147
MARTEN CREEK,Quesnel-Summer Timing,Current,118,SEL,45059,2408,Stream,52.71901947,-120.9026506,MFR,GStr,MFR+GStr,SEL-06-10,148
MARTEN CREEK-LAKE SHORE,Quesnel-Summer Timing,Current,119,SEL,3377,11527,Lake Portion,52.71980452,-120.8989546,MFR,GStr,MFR+GStr,SEL-06-10,149
MCKINLEY CREEK,Quesnel-Summer Timing,Current,120,SEL,45043,2401,Stream,52.28894348,-121.0693469,MFR,GStr,MFR+GStr,SEL-06-10,150
MCKINLEY CREEK-UPPER,Quesnel-Summer Timing,Current,121,SEL,45098,2446,Stream segment,52.26198851,-120.9029853,MFR,GStr,MFR+GStr,SEL-06-10,151
MITCHELL RIVER,Quesnel-Summer Timing,Current,122,SEL,46913,293,Stream,52.77875315,-120.8037479,MFR,GStr,MFR+GStr,SEL-06-10,152
MOFFAT CREEK,Quesnel-Summer Timing,Current,123,SEL,45042,2400,Stream,52.32665921,-121.4093535,MFR,GStr,MFR+GStr,SEL-06-10,153
NIAGARA CREEK,Quesnel-Summer Timing,Current,124,SEL,45071,2420,Stream,52.60451156,-120.428213,MFR,GStr,MFR+GStr,SEL-06-10,154
NORTH ARM UNNAMED COVE-LAKE SHORE,Quesnel-Summer Timing,Current,125,SEL,3386,11536,Lake Portion,52.66033736,-120.9741545,MFR,GStr,MFR+GStr,SEL-06-10,155
OPA BEACH-LAKE SHORE,Quesnel-Summer Timing,Current,126,SEL,3378,11528,Lake Portion,52.58639599,-121.036853,MFR,GStr,MFR+GStr,SEL-06-10,156
PENFOLD CAMP-LAKE SHORE,Quesnel-Summer Timing,Current,127,SEL,3379,11529,Lake Portion,52.76968813,-120.7956865,MFR,GStr,MFR+GStr,SEL-06-10,157
PENFOLD CREEK,Quesnel-Summer Timing,Current,128,SEL,45060,2409,Stream,52.78271847,-120.7965581,MFR,GStr,MFR+GStr,SEL-06-10,158
QUARTZ POINT SHORE,Quesnel-Summer Timing,Current,129,SEL,3356,11506,Lake Portion,52.49153006,-120.8824779,MFR,GStr,MFR+GStr,SEL-06-10,159
QUESNEL LAKE,Quesnel-Summer Timing,Current,130,SEL,45099,2447,Lake,52.60110592,-121.5470768,MFR,GStr,MFR+GStr,SEL-06-10,160
QUESNEL LAKE,Quesnel-Summer Timing,Current,131,SEL,69054,2447,Lake,52.60110592,-121.5470768,MFR,GStr,MFR+GStr,SEL-06-10,161
QUESNEL LAKE EAST ARM-UNNAMED CREEK #1,Quesnel-Summer Timing,Current,132,SEL,3080,2756,Stream,52.61257648,-120.3507932,MFR,GStr,MFR+GStr,SEL-06-10,162
QUESNEL RIVER,Quesnel-Summer Timing,Current,133,SEL,46873,289,Stream,52.97121342,-122.4960236,MFR,GStr,MFR+GStr,SEL-06-10,163
ROARING POINT-LAKE SHORE,Quesnel-Summer Timing,Current,134,SEL,3380,11530,Lake Portion,52.68506575,-120.9086811,MFR,GStr,MFR+GStr,SEL-06-10,164
ROARING RIVER,Quesnel-Summer Timing,Current,135,SEL,45063,2412,Stream,52.68593808,-120.9037551,MFR,GStr,MFR+GStr,SEL-06-10,165
ROARING RIVER TO DECEPTION POINT-LAKE SHORE,Quesnel-Summer Timing,Current,136,SEL,3383,11533,Lake Portion,52.66977096,-120.9263038,MFR,GStr,MFR+GStr,SEL-06-10,166
ROARING RIVER-LAKE SHORE,Quesnel-Summer Timing,Current,137,SEL,3381,11531,Lake Portion,52.68804516,-120.9004649,MFR,GStr,MFR+GStr,SEL-06-10,167
ROCK SLIDE SHORE,Quesnel-Summer Timing,Current,138,SEL,3357,11507,Lake Portion,52.52155,-120.879921,MFR,GStr,MFR+GStr,SEL-06-10,168
ROCK SLIDE TO PENINSULA POINT-LAKE SHORE,Quesnel-Summer Timing,Current,139,SEL,3358,11508,Lake Portion,52.513575,-120.883229,MFR,GStr,MFR+GStr,SEL-06-10,169
SERVICE CREEK,Quesnel-Summer Timing,Current,140,SEL,3081,2757,Stream,52.74654963,-120.8547837,MFR,GStr,MFR+GStr,SEL-06-10,170
SLATE BAY,Quesnel-Summer Timing,Current,141,SEL,3359,11509,Lake Portion,52.52150125,-120.879722,MFR,GStr,MFR+GStr,SEL-06-10,171
SLATE BAY-LAKE SHORE 1KM E,Quesnel-Summer Timing,Current,142,SEL,3360,11510,Lake Portion,52.490572,-120.883891,MFR,GStr,MFR+GStr,SEL-06-10,172
SPUSKS CREEK,Quesnel-Summer Timing,Current,143,SEL,3082,2758,Stream,52.51898749,-121.1077758,MFR,GStr,MFR+GStr,SEL-06-10,173
SPUSKS CREEK-LAKE SHORE,Quesnel-Summer Timing,Current,144,SEL,61077,5002758,Lake Portion,52.51895448,-121.1177786,MFR,GStr,MFR+GStr,SEL-06-10,174
SUE CREEK,Quesnel-Summer Timing,Current,145,SEL,3083,2759,Stream,52.63448107,-120.9617725,MFR,GStr,MFR+GStr,SEL-06-10,175
SUMMIT CREEK,Quesnel-Summer Timing,Current,146,SEL,45074,2423,Stream,52.61382716,-120.3438333,MFR,GStr,MFR+GStr,SEL-06-10,176
TAKU CREEK,Quesnel-Summer Timing,Current,147,SEL,3084,2760,Stream,52.61615123,-120.3883416,MFR,GStr,MFR+GStr,SEL-06-10,177
TASSE CREEK,Quesnel-Summer Timing,Current,148,SEL,3086,2762,Stream,52.54874277,-121.1344806,MFR,GStr,MFR+GStr,SEL-06-10,178
TASSE CREEK-LAKE SHORE,Quesnel-Summer Timing,Current,149,SEL,3387,11537,Lake Portion,52.5496135,-121.1172536,MFR,GStr,MFR+GStr,SEL-06-10,179
TISDALL CREEK,Quesnel-Summer Timing,Current,150,SEL,3414,2743,Stream,52.28972069,-121.1078662,MFR,GStr,MFR+GStr,SEL-06-10,180
TRICKLE CREEK,Quesnel-Summer Timing,Current,151,SEL,3087,2763,Stream,52.70274125,-120.882652,MFR,GStr,MFR+GStr,SEL-06-10,181
UNNAMED CREEK #2-LAKE SHORE,Quesnel-Summer Timing,Current,152,SEL,3361,11511,Lake Portion,52.580714,-120.569275,MFR,GStr,MFR+GStr,SEL-06-10,182
UNNAMED POINT-LAKE SHORE,Quesnel-Summer Timing,Current,153,SEL,3362,11512,Lake Portion,52.49855528,-120.7312342,MFR,GStr,MFR+GStr,SEL-06-10,183
WASKO CREEK-LAKE SHORE,Quesnel-Summer Timing,Current,154,SEL,3384,11534,Lake Portion,52.56034124,-121.0062639,MFR,GStr,MFR+GStr,SEL-06-10,184
WASKO CREEK-LOWER,Quesnel-Summer Timing,Current,155,SEL,45065,2414,Stream segment,52.56148823,-120.9999735,MFR,GStr,MFR+GStr,SEL-06-10,185
WASKO CREEK-UPPER,Quesnel-Summer Timing,Current,156,SEL,3263,2835,Stream segment,52.54326547,-120.7807374,MFR,GStr,MFR+GStr,SEL-06-10,186
WATT CREEK/MFR,Quesnel-Summer Timing,Current,157,SEL,45062,2411,Stream,52.74797344,-120.8350359,MFR,GStr,MFR+GStr,SEL-06-10,187
WATT CREEK-LAKE SHORE,Quesnel-Summer Timing,Current,158,SEL,3385,11535,Lake Portion,52.7445031,-120.8347907,MFR,GStr,MFR+GStr,SEL-06-10,188
WHIFFLE CREEK,Quesnel-Summer Timing,Current,159,SEL,3088,2764,Stream,52.4902922,-121.244046,MFR,GStr,MFR+GStr,SEL-06-10,189
DUST CREEK,Takla/Trembleur/Stuart-Summer Timing,Current,160,SEL,45582,328,Stream,55.30973903,-126.0287321,MFR,GStr,MFR+GStr,SEL-06-13,190
KAZCHEK CREEK,Takla/Trembleur/Stuart-Summer Timing,Current,161,SEL,45560,316,Stream,54.88523164,-125.1694657,MFR,GStr,MFR+GStr,SEL-06-13,191
KUZKWA RIVER,Takla/Trembleur/Stuart-Summer Timing,Current,162,SEL,45554,312,Stream,54.78768682,-124.8772439,MFR,GStr,MFR+GStr,SEL-06-13,192
MIDDLE RIVER,Takla/Trembleur/Stuart-Summer Timing,Current,163,SEL,61007,2485,Stream,54.86607079,-125.1183878,MFR,GStr,MFR+GStr,SEL-06-13,193
MIDDLE RIVER-ROSSETTE BAR,Takla/Trembleur/Stuart-Summer Timing,Current,164,SEL,45552,310,Stream segment,54.88930596,-125.1771783,MFR,GStr,MFR+GStr,SEL-06-13,194
PINCHI CREEK,Takla/Trembleur/Stuart-Summer Timing,Current,165,SEL,45539,308,Stream,54.56409055,-124.4892837,MFR,GStr,MFR+GStr,SEL-06-13,195
SAKENICHE RIVER,Takla/Trembleur/Stuart-Summer Timing,Current,166,SEL,45578,325,Stream,55.15260373,-125.7709187,MFR,GStr,MFR+GStr,SEL-06-13,196
SOWCHEA CREEK,Takla/Trembleur/Stuart-Summer Timing,Current,167,SEL,3218,307,Stream,54.42671741,-124.4045295,MFR,GStr,MFR+GStr,SEL-06-13,197
STUART LAKE,Takla/Trembleur/Stuart-Summer Timing,Current,168,SEL,45090,2438,Lake,54.48027671,-124.4362723,MFR,GStr,MFR+GStr,SEL-06-13,198
STUART RIVER,Takla/Trembleur/Stuart-Summer Timing,Current,169,SEL,2457,305,Stream,53.98885075,-123.5409355,MFR,GStr,MFR+GStr,SEL-06-13,199
TACHIE RIVER,Takla/Trembleur/Stuart-Summer Timing,Current,170,SEL,45549,309,Stream,54.65782103,-124.7720688,MFR,GStr,MFR+GStr,SEL-06-13,200
TAKLA LAKE,Takla/Trembleur/Stuart-Summer Timing,Current,171,SEL,45091,2439,Lake,55.07007689,-125.5437833,MFR,GStr,MFR+GStr,SEL-06-13,201
15 MILE CREEK,Takla/Trembleur-Early Stuart Timing,Current,172,SEL,45590,336,Stream,55.3315823,-125.7663664,MFR,GStr,MFR+GStr,SEL-06-14,202
25 MILE CREEK,Takla/Trembleur-Early Stuart Timing,Current,173,SEL,45587,333,Stream,55.2677005,-125.7160347,MFR,GStr,MFR+GStr,SEL-06-14,203
ANKWILL CREEK,Takla/Trembleur-Early Stuart Timing,Current,174,SEL,45596,342,Stream,55.65765912,-126.1917469,MFR,GStr,MFR+GStr,SEL-06-14,204
BAPTISTE CREEK,Takla/Trembleur-Early Stuart Timing,Current,175,SEL,45553,311,Stream,54.89281444,-125.1827216,MFR,GStr,MFR+GStr,SEL-06-14,205
BATES CREEK,Takla/Trembleur-Early Stuart Timing,Current,176,SEL,45597,343,Stream,55.70797199,-126.2384174,MFR,GStr,MFR+GStr,SEL-06-14,206
BIVOUAC CREEK,Takla/Trembleur-Early Stuart Timing,Current,177,SEL,45574,322,Stream,55.0754856,-125.5692534,MFR,GStr,MFR+GStr,SEL-06-14,207
BLACKWATER CREEK/MFR,Takla/Trembleur-Early Stuart Timing,Current,178,SEL,45600,345,Stream,55.72520515,-126.3064001,MFR,GStr,MFR+GStr,SEL-06-14,208
BLANCHETTE CREEK,Takla/Trembleur-Early Stuart Timing,Current,179,SEL,45589,335,Stream,55.2760195,-125.7515479,MFR,GStr,MFR+GStr,SEL-06-14,209
CASIMIR CREEK,Takla/Trembleur-Early Stuart Timing,Current,180,SEL,45573,321,Stream,55.08032792,-125.5546957,MFR,GStr,MFR+GStr,SEL-06-14,210
CONSOLIDATE CREEK,Takla/Trembleur-Early Stuart Timing,Current,181,SEL,45604,349,Stream,55.84092391,-126.4663167,MFR,GStr,MFR+GStr,SEL-06-14,211
CROW CREEK,Takla/Trembleur-Early Stuart Timing,Current,182,SEL,45583,329,Stream,55.28446198,-125.9972287,MFR,GStr,MFR+GStr,SEL-06-14,212
DRIFTWOOD RIVER,Takla/Trembleur-Early Stuart Timing,Current,183,SEL,45598,344,Stream,55.69931908,-126.2513263,MFR,GStr,MFR+GStr,SEL-06-14,213
DUST CREEK,Takla/Trembleur-Early Stuart Timing,Current,184,SEL,45581,328,Stream,55.30973903,-126.0287321,MFR,GStr,MFR+GStr,SEL-06-14,214
FLEMING CREEK,Takla/Trembleur-Early Stuart Timing,Current,185,SEL,45556,313,Stream,54.76947303,-125.4142366,MFR,GStr,MFR+GStr,SEL-06-14,215
FORFAR CREEK,Takla/Trembleur-Early Stuart Timing,Current,186,SEL,45571,319,Stream,55.04305333,-125.4687001,MFR,GStr,MFR+GStr,SEL-06-14,216
FRENCH CREEK/MFR,Takla/Trembleur-Early Stuart Timing,Current,187,SEL,45595,341,Stream,55.65880032,-126.1665642,MFR,GStr,MFR+GStr,SEL-06-14,217
FRYPAN CREEK,Takla/Trembleur-Early Stuart Timing,Current,188,SEL,45593,339,Stream,55.52384062,-126.0723655,MFR,GStr,MFR+GStr,SEL-06-14,218
GLUSKE CREEK,Takla/Trembleur-Early Stuart Timing,Current,189,SEL,45572,320,Stream,55.05665988,-125.5146776,MFR,GStr,MFR+GStr,SEL-06-14,219
HOOKER CREEK,Takla/Trembleur-Early Stuart Timing,Current,190,SEL,45584,330,Stream,55.26905752,-125.9828827,MFR,GStr,MFR+GStr,SEL-06-14,220
HUDSON BAY CREEK,Takla/Trembleur-Early Stuart Timing,Current,191,SEL,45592,338,Stream,55.48324597,-125.9817186,MFR,GStr,MFR+GStr,SEL-06-14,221
KASTBERG CREEK,Takla/Trembleur-Early Stuart Timing,Current,192,SEL,45605,350,Stream,55.92500814,-126.5821332,MFR,GStr,MFR+GStr,SEL-06-14,222
KAZCHEK CREEK,Takla/Trembleur-Early Stuart Timing,Current,193,SEL,45559,316,Stream,54.88523164,-125.1694657,MFR,GStr,MFR+GStr,SEL-06-14,223
KOTSINE RIVER,Takla/Trembleur-Early Stuart Timing,Current,194,SEL,45603,348,Stream,55.8190223,-126.4347566,MFR,GStr,MFR+GStr,SEL-06-14,224
LEO CREEK,Takla/Trembleur-Early Stuart Timing,Current,195,SEL,45575,323,Stream,55.08709828,-125.5833288,MFR,GStr,MFR+GStr,SEL-06-14,225
LION CREEK,Takla/Trembleur-Early Stuart Timing,Current,196,SEL,45601,346,Stream,55.76864022,-126.354046,MFR,GStr,MFR+GStr,SEL-06-14,226
LOVELL CREEK,Takla/Trembleur-Early Stuart Timing,Current,197,SEL,45594,340,Stream,55.54371679,-126.0887521,MFR,GStr,MFR+GStr,SEL-06-14,227
MACLAING CREEK,Takla/Trembleur-Early Stuart Timing,Current,198,SEL,45591,337,Stream,55.45948881,-125.9382912,MFR,GStr,MFR+GStr,SEL-06-14,228
MCDOUGALL CREEK,Takla/Trembleur-Early Stuart Timing,Current,199,SEL,45579,326,Stream,55.22998211,-126.0030197,MFR,GStr,MFR+GStr,SEL-06-14,229
MIDDLE RIVER-ROSSETTE BAR,Takla/Trembleur-Early Stuart Timing,Current,200,SEL,45551,310,Stream segment,54.88930596,-125.1771783,MFR,GStr,MFR+GStr,SEL-06-14,230
NARROWS CREEK,Takla/Trembleur-Early Stuart Timing,Current,201,SEL,45586,332,Stream,55.16976812,-125.7188882,MFR,GStr,MFR+GStr,SEL-06-14,231
O'NE-ELL CREEK,Takla/Trembleur-Early Stuart Timing,Current,202,SEL,45570,318,Stream,55.00414311,-125.393885,MFR,GStr,MFR+GStr,SEL-06-14,232
PAULA CREEK,Takla/Trembleur-Early Stuart Timing,Current,203,SEL,45557,314,Stream,54.782155,-125.3869792,MFR,GStr,MFR+GStr,SEL-06-14,233
POINT CREEK,Takla/Trembleur-Early Stuart Timing,Current,204,SEL,45585,331,Stream,55.23145726,-125.9724082,MFR,GStr,MFR+GStr,SEL-06-14,234
PORTER CREEK/MFR,Takla/Trembleur-Early Stuart Timing,Current,205,SEL,45602,347,Stream,55.77933335,-126.3802611,MFR,GStr,MFR+GStr,SEL-06-14,235
SAKENICHE RIVER,Takla/Trembleur-Early Stuart Timing,Current,206,SEL,45577,325,Stream,55.15260373,-125.7709187,MFR,GStr,MFR+GStr,SEL-06-14,236
SANDPOINT CREEK,Takla/Trembleur-Early Stuart Timing,Current,207,SEL,45576,324,Stream,55.12935613,-125.6678488,MFR,GStr,MFR+GStr,SEL-06-14,237
SHALE CREEK/MFR,Takla/Trembleur-Early Stuart Timing,Current,208,SEL,45588,334,Stream,55.27698847,-125.7255299,MFR,GStr,MFR+GStr,SEL-06-14,238
SIDNEY CREEK/MFR,Takla/Trembleur-Early Stuart Timing,Current,209,SEL,45558,315,Stream,54.78687364,-125.3678254,MFR,GStr,MFR+GStr,SEL-06-14,239
SINTA CREEK,Takla/Trembleur-Early Stuart Timing,Current,210,SEL,45580,327,Stream,55.30228612,-126.0303025,MFR,GStr,MFR+GStr,SEL-06-14,240
TAKLA LAKE - UNNAMED CREEK (NORTH OF BLANCHETTE),Takla/Trembleur-Early Stuart Timing,Current,211,SEL,3089,2765,Stream,55.2827171,-125.7671317,MFR,GStr,MFR+GStr,SEL-06-14,241
TAKLA-LAKE SHORE,Takla/Trembleur-Early Stuart Timing,Current,212,SEL,7003,19719,Lake Portion,55.07007689,-125.5437833,MFR,GStr,MFR+GStr,SEL-06-14,242
TILDESLEY CREEK,Takla/Trembleur-Early Stuart Timing,Current,213,SEL,45078,2428,Stream,54.76847861,-125.496244,MFR,GStr,MFR+GStr,SEL-06-14,243
TLITI CREEK,Takla/Trembleur-Early Stuart Timing,Current,214,SEL,45076,2424,Stream,55.38840721,-125.8313161,MFR,GStr,MFR+GStr,SEL-06-14,244
VAN DECAR CREEK,Takla/Trembleur-Early Stuart Timing,Current,215,SEL,45569,317,Stream,54.96806172,-125.3409924,MFR,GStr,MFR+GStr,SEL-06-14,245
ELKIN CREEK,Taseko-Early Summer Timing,Current,216,SEL,46863,288,Stream,51.68588715,-123.7224791,MFR,GStr,MFR+GStr,SEL-06-16,246
LASTMAN CREEK,Taseko-Early Summer Timing,Current,217,SEL,7744,54099,Stream,51.33549044,-123.6284356,MFR,GStr,MFR+GStr,SEL-06-16,247
ROLAND CREEK/MFR,Taseko-Early Summer Timing,Current,218,SEL,61044,201033,Stream,51.20057469,-123.5940506,MFR,GStr,MFR+GStr,SEL-06-16,248
TASEKO LAKE,Taseko-Early Summer Timing,Current,219,SEL,46853,287,Lake,51.34893023,-123.619087,MFR,GStr,MFR+GStr,SEL-06-16,249
TASEKO RIVER,Taseko-Early Summer Timing,Current,220,SEL,2515,2636,Stream,52.00672961,-123.6769982,MFR,GStr,MFR+GStr,SEL-06-16,250
YOHETTA CREEK,Taseko-Early Summer Timing,Current,221,SEL,7630,2382,Stream,51.22050453,-123.6383393,MFR,GStr,MFR+GStr,SEL-06-16,251
YOHETTA CREEK-UPPER,Taseko-Early Summer Timing,Current,222,SEL,7631,26767,Stream segment,51.24844467,-123.6837508,MFR,GStr,MFR+GStr,SEL-06-16,252
PORTAGE CREEK,Seton-Late Timing,Bin,223,SEL,47181,129,Stream segment,50.70803014,-122.2700586,MFR,GStr,MFR+GStr,SEL-06-11,253
GLACIER CREEK/MFR,Nadina/Francois-Early Summer Timing,VREQ[Bin],224,SEL,69049,2638,Stream,53.88108319,-127.0272751,MFR,GStr,MFR+GStr,SEL-06-20,254
NADINA RIVER,Nadina/Francois-Early Summer Timing,VREQ[Bin],225,SEL,3093,303,Stream,53.97855095,-126.5030467,MFR,GStr,MFR+GStr,SEL-06-20,255
NADINA RIVER,Nadina/Francois-Early Summer Timing,VREQ[Bin],226,SEL,45525,303,Stream,53.97855095,-126.5030467,MFR,GStr,MFR+GStr,SEL-06-20,256
NADINA RIVER-UPPER,Nadina/Francois-Early Summer Timing,VREQ[Bin],227,SEL,69015,71131,Stream segment,53.9085599,-127.1053131,MFR,GStr,MFR+GStr,SEL-06-20,257
ANTLER CREEK/UFR,Bowron-Early Summer Timing,Current,228,SEL,47449,160,Stream,53.25874914,-121.4120166,UFR,GStr,UFR+GStr,SEL-07-01,258
BOWRON RIVER,Bowron-Early Summer Timing,Current,229,SEL,47419,157,Stream,54.05689106,-121.8230933,UFR,GStr,UFR+GStr,SEL-07-01,259
BOWRON RIVER-UPPER,Bowron-Early Summer Timing,Current,230,SEL,69025,71137,Stream,53.2171704,-121.3242697,UFR,GStr,UFR+GStr,SEL-07-01,260
HUCKEY CREEK,Bowron-Early Summer Timing,Current,231,SEL,3219,2827,Stream,53.16615595,-121.2191086,UFR,GStr,UFR+GStr,SEL-07-01,261
KIBBEE CREEK,Bowron-Early Summer Timing,Current,232,SEL,69023,71135,Stream,53.25423414,-121.3886491,UFR,GStr,UFR+GStr,SEL-07-01,262
ADAMS RIVER,Shuswap Complex-Early Summer Timing,Current,233,SEL,46238,220,Stream,50.89386286,-119.5505675,STh,GStr,STh+GStr,SEL-09-02,263
ADAMS RIVER SPAWNING CHANNEL,Shuswap Complex-Early Summer Timing,Current,234,SEL,45082,2432,Artificial Channel,51.02684994,-119.6500286,STh,GStr,STh+GStr,SEL-09-02,264
ANSTEY RIVER,Shuswap Complex-Early Summer Timing,Current,235,SEL,46348,231,Stream,51.13123921,-118.8994306,STh,GStr,STh+GStr,SEL-09-02,265
BLUEBERRY CREEK,Shuswap Complex-Early Summer Timing,Current,236,SEL,7632,26768,Stream,51.19719511,-119.0184758,STh,GStr,STh+GStr,SEL-09-02,266
CELISTA CREEK,Shuswap Complex-Early Summer Timing,Current,237,SEL,46319,228,Stream,51.19733738,-119.0048077,STh,GStr,STh+GStr,SEL-09-02,267
CRAIGELLACHIE CREEK,Shuswap Complex-Early Summer Timing,Current,238,SEL,3437,1996,Stream,50.97363983,-118.7249977,STh,GStr,STh+GStr,SEL-09-02,268
CRAZY CREEK/STh,Shuswap Complex-Early Summer Timing,Current,239,SEL,810,1997,Stream,50.99115159,-118.6470889,STh,GStr,STh+GStr,SEL-09-02,269
EAGLE RIVER,Shuswap Complex-Early Summer Timing,Current,240,SEL,46358,232,Stream,50.84336958,-119.0109085,STh,GStr,STh+GStr,SEL-09-02,270
FOUR MILE CREEK/STh,Shuswap Complex-Early Summer Timing,Current,241,SEL,7636,26771,Stream,51.08502187,-118.8958446,STh,GStr,STh+GStr,SEL-09-02,271
HIUIHILL CREEK,Shuswap Complex-Early Summer Timing,Current,242,SEL,44983,2373,Stream,50.92252401,-119.6338982,STh,GStr,STh+GStr,SEL-09-02,272
HUNAKWA CREEK,Shuswap Complex-Early Summer Timing,Current,243,SEL,46338,230,Stream,51.13383191,-118.9175881,STh,GStr,STh+GStr,SEL-09-02,273
LOFTUS CREEK,Shuswap Complex-Early Summer Timing,Current,244,SEL,45085,2434,Stream,50.93048131,-118.8020418,STh,GStr,STh+GStr,SEL-09-02,274
MCNOMEE CREEK,Shuswap Complex-Early Summer Timing,Current,245,SEL,45014,2392,Stream,51.26468696,-118.9454165,STh,GStr,STh+GStr,SEL-09-02,275
NIKWIKWAIA CREEK,Shuswap Complex-Early Summer Timing,Current,246,SEL,45008,2388,Stream,50.938893,-119.6551932,STh,GStr,STh+GStr,SEL-09-02,276
ONYX CREEK,Shuswap Complex-Early Summer Timing,Current,247,SEL,46298,226,Stream,50.95367081,-119.2828115,STh,GStr,STh+GStr,SEL-09-02,277
PERRY RIVER/STh,Shuswap Complex-Early Summer Timing,Current,248,SEL,45026,2394,Stream,50.99447159,-118.6881933,STh,GStr,STh+GStr,SEL-09-02,278
SALMON RIVER/STh,Shuswap Complex-Early Summer Timing,Current,249,SEL,46399,237,Stream,50.69681861,-119.3112952,STh,GStr,STh+GStr,SEL-09-02,279
SCOTCH CREEK,Shuswap Complex-Early Summer Timing,Current,250,SEL,46288,225,Stream,50.90709332,-119.4921574,STh,GStr,STh+GStr,SEL-09-02,280
SEYMOUR RIVER/STh,Shuswap Complex-Early Summer Timing,Current,251,SEL,46328,229,Stream,51.23862931,-118.9593268,STh,GStr,STh+GStr,SEL-09-02,281
SHUSWAP RIVER-MIDDLE,Shuswap Complex-Early Summer Timing,Current,252,SEL,46439,241,Stream segment,50.43116687,-118.7500343,STh,GStr,STh+GStr,SEL-09-02,282
SINMAX CREEK,Shuswap Complex-Early Summer Timing,Current,253,SEL,46258,222,Stream,51.07678213,-119.7869024,STh,GStr,STh+GStr,SEL-09-02,283
UNNAMED CREEK,Shuswap Complex-Early Summer Timing,Current,254,SEL,7633,26769,Stream,51.17526377,-119.0258458,STh,GStr,STh+GStr,SEL-09-02,284
UNNAMED CREEK-LAKE SHORE,Shuswap Complex-Early Summer Timing,Current,255,SEL,7634,26770,Lake Portion,51.17326737,-119.0253434,STh,GStr,STh+GStr,SEL-09-02,285
YARD CREEK,Shuswap Complex-Early Summer Timing,Current,256,SEL,45024,2393,Stream,50.90768072,-118.8213384,STh,GStr,STh+GStr,SEL-09-02,286
ADAMS LAKE,Shuswap Complex-Late Timing,Current,257,SEL,45089,2437,Lake,51.07154768,-119.7282505,STh,GStr,STh+GStr,SEL-09-03,287
ADAMS LAKE,Shuswap Complex-Late Timing,Current,258,SEL,69053,2437,Lake,51.07154768,-119.7282505,STh,GStr,STh+GStr,SEL-09-03,288
ADAMS LAKE-E-LAKE SHORE,Shuswap Complex-Late Timing,Current,259,SEL,3408,11556,Lake Portion,51.19017205,-119.5429364,STh,GStr,STh+GStr,SEL-09-03,289
ADAMS LAKE-N-LAKE SHORE,Shuswap Complex-Late Timing,Current,260,SEL,3409,11557,Lake Portion,51.40448655,-119.4391574,STh,GStr,STh+GStr,SEL-09-03,290
ADAMS LAKE-S-LAKE SHORE,Shuswap Complex-Late Timing,Current,261,SEL,3410,11558,Lake Portion,50.96705266,-119.7006229,STh,GStr,STh+GStr,SEL-09-03,291
ADAMS RIVER,Shuswap Complex-Late Timing,Current,262,SEL,46239,220,Stream,50.89386286,-119.5505675,STh,GStr,STh+GStr,SEL-09-03,292
ADAMS RIVER MOUTH-LAKE SHORE,Shuswap Complex-Late Timing,Current,263,SEL,3393,11541,Lake Portion,50.89452793,-119.549924,STh,GStr,STh+GStr,SEL-09-03,293
ADAMS RIVER SPAWNING CHANNEL,Shuswap Complex-Late Timing,Current,264,SEL,45083,2432,Artificial Channel,51.02684994,-119.6500286,STh,GStr,STh+GStr,SEL-09-03,294
ADAMS RIVER-UPPER,Shuswap Complex-Late Timing,Current,265,SEL,46249,221,Stream segment,51.41089723,-119.45611,STh,GStr,STh+GStr,SEL-09-03,295
ANSTEY RIVER,Shuswap Complex-Late Timing,Current,266,SEL,46349,231,Stream,51.13123921,-118.8994306,STh,GStr,STh+GStr,SEL-09-03,296
ANSTEY RIVER-LAKE SHORE,Shuswap Complex-Late Timing,Current,267,SEL,3439,17212,Lake Portion,51.1292683,-118.9053189,STh,GStr,STh+GStr,SEL-09-03,297
BESSETTE CREEK,Shuswap Complex-Late Timing,Current,268,SEL,431,252,Stream,50.3065408,-118.8231096,STh,GStr,STh+GStr,SEL-09-03,298
BESSETTE CREEK,Shuswap Complex-Late Timing,Current,269,SEL,7635,252,Stream,50.3065408,-118.8231096,STh,GStr,STh+GStr,SEL-09-03,299
BLURTON CREEK,Shuswap Complex-Late Timing,Current,270,SEL,7643,243,Stream,50.68893864,-119.0527944,STh,GStr,STh+GStr,SEL-09-03,300
BUSH CREEK/STh,Shuswap Complex-Late Timing,Current,271,SEL,45012,2389,Stream,50.98892058,-119.7260265,STh,GStr,STh+GStr,SEL-09-03,301
BUSH CREEK-LAKE SHORE,Shuswap Complex-Late Timing,Current,272,SEL,3407,11555,Lake Portion,50.98774159,-119.7269776,STh,GStr,STh+GStr,SEL-09-03,302
CANOE CREEK/STh,Shuswap Complex-Late Timing,Current,273,SEL,46419,239,Stream,50.754669,-119.2217339,STh,GStr,STh+GStr,SEL-09-03,303
CELISTA CREEK,Shuswap Complex-Late Timing,Current,274,SEL,46318,228,Stream,51.19733738,-119.0048077,STh,GStr,STh+GStr,SEL-09-03,304
COOKE CREEK,Shuswap Complex-Late Timing,Current,275,SEL,3440,2640,Stream,50.60472169,-118.8412727,STh,GStr,STh+GStr,SEL-09-03,305
CRAZY CREEK/STh,Shuswap Complex-Late Timing,Current,276,SEL,811,1997,Stream,50.99115159,-118.6470889,STh,GStr,STh+GStr,SEL-09-03,306
CRUIKSHANK POINT-LAKE SHORE W,Shuswap Complex-Late Timing,Current,277,SEL,3394,11542,Lake Portion,50.88551115,-119.5452442,STh,GStr,STh+GStr,SEL-09-03,307
EAGLE RIVER,Shuswap Complex-Late Timing,Current,278,SEL,46359,232,Stream,50.84336958,-119.0109085,STh,GStr,STh+GStr,SEL-09-03,308
FOUR MILE CREEK-LAKE SHORE,Shuswap Complex-Late Timing,Current,279,SEL,3390,11538,Lake Portion,51.08697512,-118.8943903,STh,GStr,STh+GStr,SEL-09-03,309
HIUIHILL CREEK,Shuswap Complex-Late Timing,Current,280,SEL,44984,2373,Stream,50.92252401,-119.6338982,STh,GStr,STh+GStr,SEL-09-03,310
HLINA CREEK-LAKE SHORE,Shuswap Complex-Late Timing,Current,281,SEL,3395,11543,Lake Portion,50.94149751,-119.3525021,STh,GStr,STh+GStr,SEL-09-03,311
HUNAKWA CREEK,Shuswap Complex-Late Timing,Current,282,SEL,46339,230,Stream,51.13383191,-118.9175881,STh,GStr,STh+GStr,SEL-09-03,312
JOHNSON CREEK,Shuswap Complex-Late Timing,Current,283,SEL,7641,242,Stream,50.69726845,-119.051375,STh,GStr,STh+GStr,SEL-09-03,313
KINGFISHER CREEK/STh,Shuswap Complex-Late Timing,Current,284,SEL,46490,246,Stream,50.61256505,-118.7431328,STh,GStr,STh+GStr,SEL-09-03,314
KNIGHT CREEK-LAKE SHORE,Shuswap Complex-Late Timing,Current,285,SEL,3402,11550,Lake Portion,50.79991988,-119.1679627,STh,GStr,STh+GStr,SEL-09-03,315
LEE CREEK-LAKE SHORE,Shuswap Complex-Late Timing,Current,286,SEL,3396,11544,Lake Portion,50.90390602,-119.5288622,STh,GStr,STh+GStr,SEL-09-03,316
LITTLE RIVER/STh,Shuswap Complex-Late Timing,Current,287,SEL,46228,219,Stream segment,50.86549159,-119.6048588,STh,GStr,STh+GStr,SEL-09-03,317
MARA LAKE,Shuswap Complex-Late Timing,Current,288,SEL,3090,2766,Lake,50.81571136,-118.9843527,STh,GStr,STh+GStr,SEL-09-03,318
MCNOMEE CREEK,Shuswap Complex-Late Timing,Current,289,SEL,45015,2392,Stream,51.26468696,-118.9454165,STh,GStr,STh+GStr,SEL-09-03,319
MOMICH LAKE,Shuswap Complex-Late Timing,Current,290,SEL,69051,40008,Lake,51.32833986,-119.3668685,STh,GStr,STh+GStr,SEL-09-03,320
MOMICH RIVER,Shuswap Complex-Late Timing,Current,291,SEL,46269,223,Stream,51.3346128,-119.4231818,STh,GStr,STh+GStr,SEL-09-03,321
MOMICH RIVER-LAKE SHORE,Shuswap Complex-Late Timing,Current,292,SEL,3411,11559,Lake Portion,51.33304024,-119.4221078,STh,GStr,STh+GStr,SEL-09-03,322
NIKWIKWAIA CREEK,Shuswap Complex-Late Timing,Current,293,SEL,45009,2388,Stream,50.938893,-119.6551932,STh,GStr,STh+GStr,SEL-09-03,323
NOISY CREEK,Shuswap Complex-Late Timing,Current,294,SEL,46509,248,Stream,50.70671468,-118.6565973,STh,GStr,STh+GStr,SEL-09-03,324
ONYX CREEK,Shuswap Complex-Late Timing,Current,295,SEL,46299,226,Stream,50.95367081,-119.2828115,STh,GStr,STh+GStr,SEL-09-03,325
ONYX CREEK-LAKE SHORE,Shuswap Complex-Late Timing,Current,296,SEL,3399,11547,Lake Portion,50.95848196,-119.2839403,STh,GStr,STh+GStr,SEL-09-03,326
ONYX CREEK-LAKE SHORE,Shuswap Complex-Late Timing,Current,297,SEL,61073,11547,Lake Portion,50.95848196,-119.2839403,STh,GStr,STh+GStr,SEL-09-03,327
PERRY RIVER/STh,Shuswap Complex-Late Timing,Current,298,SEL,45027,2394,Stream,50.99447159,-118.6881933,STh,GStr,STh+GStr,SEL-09-03,328
QUEEST CREEK-LAKE SHORE,Shuswap Complex-Late Timing,Current,299,SEL,3391,11539,Lake Portion,51.0255451,-118.9613483,STh,GStr,STh+GStr,SEL-09-03,329
RIENECKER CREEK,Shuswap Complex-Late Timing,Current,300,SEL,46388,235,Stream,50.78916869,-119.1992604,STh,GStr,STh+GStr,SEL-09-03,330
RIENECKER CREEK-LAKE SHORE,Shuswap Complex-Late Timing,Current,301,SEL,3406,11554,Lake Portion,50.79349326,-119.1965826,STh,GStr,STh+GStr,SEL-09-03,331
RIENECKER CREEK-LAKE SHORE,Shuswap Complex-Late Timing,Current,302,SEL,61075,11554,Lake Portion,50.79349326,-119.1965826,STh,GStr,STh+GStr,SEL-09-03,332
ROSS CREEK,Shuswap Complex-Late Timing,Current,303,SEL,46309,227,Stream,50.96191015,-119.2409983,STh,GStr,STh+GStr,SEL-09-03,333
BABINE RIVER-SECTION 4 (FENCE),Babine,Current,304,SEL,49364,593,Stream segment,55.41496962,-126.6841667,MSK,NSKEst,MSK+NSKEst,SEL-21-02,556
BABINE RIVER-SECTION 5,Babine,Current,305,SEL,45457,2108,Stream segment,55.42547701,-126.6963977,MSK,NSKEst,MSK+NSKEst,SEL-21-02,557
BABINE RIVER-SECTIONS 1 TO 3,Babine,Current,306,SEL,49359,592,Stream segment,55.32972944,-126.6311496,MSK,NSKEst,MSK+NSKEst,SEL-21-02,558
BABINE RIVER-UNACCOUNTED,Babine,Current,307,SEL,49354,591,Stream segment,55.30590181,-126.6281849,MSK,NSKEst,MSK+NSKEst,SEL-21-02,559
BERN-ANN CREEK,Babine,Current,308,SEL,45462,2109,Stream,54.49442763,-125.6750412,MSK,NSKEst,MSK+NSKEst,SEL-21-02,560
BIG LOON CREEK,Babine,Current,309,SEL,49429,607,Stream,54.79052159,-125.9183399,MSK,NSKEst,MSK+NSKEst,SEL-21-02,561
BOUCHER CREEK,Babine,Current,310,SEL,49379,596,Stream,55.41587482,-126.6831567,MSK,NSKEst,MSK+NSKEst,SEL-21-02,562
CROSS CREEK/MSK,Babine,Current,311,SEL,48679,612,Stream,54.51632526,-125.701835,MSK,NSKEst,MSK+NSKEst,SEL-21-02,563
DONALDS CREEK,Babine,Current,312,SEL,48684,613,Stream,54.49017303,-125.6464542,MSK,NSKEst,MSK+NSKEst,SEL-21-02,564
FIVE MILE CREEK/MSK,Babine,Current,313,SEL,49389,598,Stream,55.25578726,-126.6014542,MSK,NSKEst,MSK+NSKEst,SEL-21-02,565
FORKS CREEK,Babine,Current,314,SEL,49399,600,Stream,55.04764281,-126.3708758,MSK,NSKEst,MSK+NSKEst,SEL-21-02,566
FOUR MILE CREEK/MSK,Babine,Current,315,SEL,48069,616,Stream,54.46127418,-125.3129343,MSK,NSKEst,MSK+NSKEst,SEL-21-02,567
FULTON RIVER,Babine,Current,316,SEL,3237,501254,Stream,54.81422547,-126.1464808,MSK,NSKEst,MSK+NSKEst,SEL-21-02,568
FULTON RIVER-ABOVE WEIR,Babine,Current,317,SEL,45467,2110,Stream segment,54.81241849,-126.145173,MSK,NSKEst,MSK+NSKEst,SEL-21-02,569
FULTON RIVER-BELOW WEIR,Babine,Current,318,SEL,45472,2111,Stream segment,54.81422547,-126.1464808,MSK,NSKEst,MSK+NSKEst,SEL-21-02,570
GULLWING CREEK/MSK,Babine,Current,319,SEL,48064,615,Stream,54.48499538,-125.3655794,MSK,NSKEst,MSK+NSKEst,SEL-21-02,571
HAZELWOOD CREEK,Babine,Current,320,SEL,49419,604,Stream,55.12353561,-126.2669903,MSK,NSKEst,MSK+NSKEst,SEL-21-02,572
KEW CREEK,Babine,Current,321,SEL,49439,609,Stream,54.64393392,-125.8861321,MSK,NSKEst,MSK+NSKEst,SEL-21-02,573
MORRISON CREEK/MSK,Babine,Current,322,SEL,49404,601,Stream,55.14250617,-126.2863358,MSK,NSKEst,MSK+NSKEst,SEL-21-02,574
NICHYESKWA CREEK,Babine,Current,323,SEL,49374,595,Stream,55.432357,-126.6986787,MSK,NSKEst,MSK+NSKEst,SEL-21-02,575
NILKITKWA RIVER,Babine,Current,324,SEL,49369,594,Stream,55.45223411,-126.6991089,MSK,NSKEst,MSK+NSKEst,SEL-21-02,576
NINE MILE CREEK,Babine,Current,325,SEL,49394,599,Stream,55.20854668,-126.5854717,MSK,NSKEst,MSK+NSKEst,SEL-21-02,577
PIERRE CREEK,Babine,Current,326,SEL,48599,610,Stream,54.63260721,-125.852938,MSK,NSKEst,MSK+NSKEst,SEL-21-02,578
PINKUT CREEK,Babine,Current,327,SEL,3238,501255,Stream,54.44570134,-125.4592679,MSK,NSKEst,MSK+NSKEst,SEL-21-02,579
PINKUT CREEK-ABOVE WEIR,Babine,Current,328,SEL,45477,2114,Stream segment,54.44538586,-125.457821,MSK,NSKEst,MSK+NSKEst,SEL-21-02,580
PINKUT CREEK-BELOW WEIR,Babine,Current,329,SEL,45482,2115,Stream segment,54.44570134,-125.4592679,MSK,NSKEst,MSK+NSKEst,SEL-21-02,581
SHASS CREEK,Babine,Current,330,SEL,48099,619,Stream,54.46103211,-125.0805495,MSK,NSKEst,MSK+NSKEst,SEL-21-02,582
SOCKEYE CREEK/MSK,Babine,Current,331,SEL,49434,608,Stream,54.73607358,-126.0145593,MSK,NSKEst,MSK+NSKEst,SEL-21-02,583
SUTHERLAND RIVER/MSK,Babine,Current,332,SEL,48094,618,Stream,54.48836836,-125.1802428,MSK,NSKEst,MSK+NSKEst,SEL-21-02,584
TACHEK CREEK,Babine,Current,333,SEL,49424,606,Stream,54.79936504,-126.1162997,MSK,NSKEst,MSK+NSKEst,SEL-21-02,585
TELZATO CREEK,Babine,Current,334,SEL,48074,617,Stream,54.48487271,-125.1975843,MSK,NSKEst,MSK+NSKEst,SEL-21-02,586
TSEZAKWA CREEK,Babine,Current,335,SEL,49384,597,Stream,55.32131808,-126.6298002,MSK,NSKEst,MSK+NSKEst,SEL-21-02,587
TWAIN CREEK,Babine,Current,336,SEL,48674,611,Stream,54.60916231,-125.812131,MSK,NSKEst,MSK+NSKEst,SEL-21-02,588
MAXAN CREEK,Bulkley,Current,337,SEL,49229,565,Stream,54.38099544,-126.1269999,MSK,NSKEst,MSK+NSKEst,SEL-21-03,589
KITWANGA RIVER,Kitwancool,Current,338,SEL,47590,488,Stream,55.10261543,-128.0854741,MSK,NSKEst,MSK+NSKEst,SEL-21-05,590
MOONLIT CREEK,Kitwancool,Current,339,SEL,47595,489,Stream,55.30643598,-128.0943374,MSK,NSKEst,MSK+NSKEst,SEL-21-05,591
MAXAN CREEK-UPPER,Maxan,Current,340,SEL,61080,23709,Stream segment,54.27404699,-126.0794043,MSK,NSKEst,MSK+NSKEst,SEL-21-06,592
ATNA RIVER,Morice,Current,341,SEL,49214,7990596,Stream,54.01377316,-127.7439775,MSK,NSKEst,MSK+NSKEst,SEL-21-07,593
MORICE LAKE,Morice,Current,342,SEL,49189,557,Lake,54.11278035,-127.4311898,MSK,NSKEst,MSK+NSKEst,SEL-21-07,594
MORICE RIVER,Morice,Current,343,SEL,49184,556,Stream,54.40912266,-126.7465034,MSK,NSKEst,MSK+NSKEst,SEL-21-07,595
NANIKA RIVER,Morice,Current,344,SEL,49209,561,Stream,54.09116432,-127.4684623,MSK,NSKEst,MSK+NSKEst,SEL-21-07,596
BARNES CREEK/MSK,Stephens,Current,345,SEL,3055,3549,Stream,55.81513536,-128.6851373,MSK,NSKEst,MSK+NSKEst,SEL-21-09,597
CLUB CREEK-LOWER (BETWEEN CLUB LAKE AND STEPHENS LAKE),Stephens,Current,346,SEL,49334,586,Stream segment,55.78906888,-128.6146376,MSK,NSKEst,MSK+NSKEst,SEL-21-09,598
CLUB CREEK-UPPER,Stephens,Current,347,SEL,49339,587,Stream,55.79567527,-128.6246884,MSK,NSKEst,MSK+NSKEst,SEL-21-09,599
FALLS CREEK/MSK,Stephens,Current,348,SEL,45497,2000,Stream,55.80827003,-128.6428911,MSK,NSKEst,MSK+NSKEst,SEL-21-09,600
JACKSON CREEK,Stephens,Current,349,SEL,3041,2662,Stream,55.8151921,-128.6968859,MSK,NSKEst,MSK+NSKEst,SEL-21-09,601
STEPHENS CREEK/MSK,Stephens,Current,350,SEL,61009,3559,Stream,55.75963694,-128.536063,MSK,NSKEst,MSK+NSKEst,SEL-21-09,602
STEPHENS CREEK-BELOW LAKE,Stephens,Current,351,SEL,49329,585,Stream segment,55.75963694,-128.536063,MSK,NSKEst,MSK+NSKEst,SEL-21-09,603
SWAN LAKE,Stephens,Current,352,SEL,45447,2106,Lake,55.77670466,-128.6264784,MSK,NSKEst,MSK+NSKEst,SEL-21-09,604
SWAN LAKE CREEK,Stephens,Current,353,SEL,45442,2105,Stream,55.81717921,-128.6848372,MSK,NSKEst,MSK+NSKEst,SEL-21-09,605
ROSS CREEK-LAKE SHORE,Shuswap Complex-Late Timing,Current,354,SEL,3400,11548,Lake Portion,50.96733922,-119.2523096,STh,GStr,STh+GStr,SEL-09-03,334
ROSS CREEK-LAKE SHORE,Shuswap Complex-Late Timing,Current,355,SEL,61074,11548,Lake Portion,50.96733922,-119.2523096,STh,GStr,STh+GStr,SEL-09-03,335
SALMON RIVER/STh,Shuswap Complex-Late Timing,Current,356,SEL,46400,237,Stream,50.69681861,-119.3112952,STh,GStr,STh+GStr,SEL-09-03,336
SCOTCH CREEK,Shuswap Complex-Late Timing,Current,357,SEL,46289,225,Stream,50.90709332,-119.4921574,STh,GStr,STh+GStr,SEL-09-03,337
SCOTCH CREEK-LAKE SHORE,Shuswap Complex-Late Timing,Current,358,SEL,3401,11549,Lake Portion,50.91443657,-119.5159746,STh,GStr,STh+GStr,SEL-09-03,338
SCOTCH CREEK-LAKE SHORE,Shuswap Complex-Late Timing,Current,359,SEL,61072,11549,Lake Portion,50.91443657,-119.5159746,STh,GStr,STh+GStr,SEL-09-03,339
SEYMOUR RIVER/STh,Shuswap Complex-Late Timing,Current,360,SEL,46329,229,Stream,51.23862931,-118.9593268,STh,GStr,STh+GStr,SEL-09-03,340
SHUSWAP LAKE,Shuswap Complex-Late Timing,Current,361,SEL,45764,379,Lake,50.8816175,-119.5591186,STh,GStr,STh+GStr,SEL-09-03,341
SHUSWAP LAKE,Shuswap Complex-Late Timing,Current,362,SEL,69052,379,Lake,50.8816175,-119.5591186,STh,GStr,STh+GStr,SEL-09-03,342
SHUSWAP LAKE MAIN ARM-N-LAKE SHORE,Shuswap Complex-Late Timing,Current,363,SEL,3397,11545,Lake Portion,50.96354302,-119.1716658,STh,GStr,STh+GStr,SEL-09-03,343
SHUSWAP LAKE MAIN ARM-S-LAKE SHORE,Shuswap Complex-Late Timing,Current,364,SEL,3398,11546,Lake Portion,50.88915262,-119.398513,STh,GStr,STh+GStr,SEL-09-03,344
SHUSWAP LAKE SALMON ARM-E-LAKE SHORE,Shuswap Complex-Late Timing,Current,365,SEL,3403,11551,Lake Portion,50.89680545,-119.0443437,STh,GStr,STh+GStr,SEL-09-03,345
SHUSWAP LAKE-ANSTEY ARM-LAKE SHORE,Shuswap Complex-Late Timing,Current,366,SEL,7421,11562,Lake Portion,51.042257,-118.962527,STh,GStr,STh+GStr,SEL-09-03,346
SHUSWAP LAKE-MAIN ARM-LAKE SHORE,Shuswap Complex-Late Timing,Current,367,SEL,7424,11565,Lake Portion,50.935912,-119.322929,STh,GStr,STh+GStr,SEL-09-03,347
SHUSWAP LAKE-SALMON ARM-LAKE SHORE,Shuswap Complex-Late Timing,Current,368,SEL,7423,11564,Lake Portion,50.750165,-119.300278,STh,GStr,STh+GStr,SEL-09-03,348
SHUSWAP LAKE-SALMON ARM-N-LAKE SHORE,Shuswap Complex-Late Timing,Current,369,SEL,3404,11552,Lake Portion,50.80993146,-119.1058401,STh,GStr,STh+GStr,SEL-09-03,349
SHUSWAP LAKE-SALMON ARM-S-LAKE SHORE,Shuswap Complex-Late Timing,Current,370,SEL,3405,11553,Lake Portion,50.7771299,-119.17924,STh,GStr,STh+GStr,SEL-09-03,350
SHUSWAP LAKE-SEYMOUR ARM-LAKE SHORE,Shuswap Complex-Late Timing,Current,371,SEL,7422,11563,Lake Portion,51.150176,-119.007274,STh,GStr,STh+GStr,SEL-09-03,351
SHUSWAP RIVER-LOWER,Shuswap Complex-Late Timing,Current,372,SEL,46429,240,Stream segment,50.72141906,-119.0468253,STh,GStr,STh+GStr,SEL-09-03,352
SHUSWAP RIVER-MIDDLE,Shuswap Complex-Late Timing,Current,373,SEL,46440,241,Stream segment,50.43116687,-118.7500343,STh,GStr,STh+GStr,SEL-09-03,353
SICAMOUS CREEK,Shuswap Complex-Late Timing,Current,374,SEL,7638,26772,Stream,50.80824764,-118.9742155,STh,GStr,STh+GStr,SEL-09-03,354
SINMAX CREEK,Shuswap Complex-Late Timing,Current,375,SEL,46259,222,Stream,51.07678213,-119.7869024,STh,GStr,STh+GStr,SEL-09-03,355
SINMAX CREEK-LAKE SHORE,Shuswap Complex-Late Timing,Current,376,SEL,3412,11560,Lake Portion,51.07453753,-119.7869227,STh,GStr,STh+GStr,SEL-09-03,356
SOUTH THOMPSON RIVER,Shuswap Complex-Late Timing,Current,377,SEL,46218,218,Stream,50.6808542,-120.33779,STh,GStr,STh+GStr,SEL-09-03,357
TAPPEN CREEK,Shuswap Complex-Late Timing,Current,378,SEL,46389,236,Stream,50.77337655,-119.3364157,STh,GStr,STh+GStr,SEL-09-03,358
TRINITY CREEK,Shuswap Complex-Late Timing,Current,379,SEL,46480,245,Stream,50.53944704,-118.9640309,STh,GStr,STh+GStr,SEL-09-03,359
TSIKWUSTUM CREEK,Shuswap Complex-Late Timing,Current,380,SEL,61063,2390,Stream,51.40059577,-119.4241307,STh,GStr,STh+GStr,SEL-09-03,360
TSUIUS CREEK,Shuswap Complex-Late Timing,Current,381,SEL,46529,250,Stream,50.62694248,-118.6838084,STh,GStr,STh+GStr,SEL-09-03,361
TSUIUS CREEK-LAKE SHORE,Shuswap Complex-Late Timing,Current,382,SEL,7642,26774,Lake Portion,50.62794682,-118.6826772,STh,GStr,STh+GStr,SEL-09-03,362
VANISHING CREEK-LAKE SHORE,Shuswap Complex-Late Timing,Current,383,SEL,3392,11540,Lake Portion,51.08096684,-118.9160473,STh,GStr,STh+GStr,SEL-09-03,363
WAP CREEK,Shuswap Complex-Late Timing,Current,384,SEL,46519,249,Stream,50.7266859,-118.6143622,STh,GStr,STh+GStr,SEL-09-03,364
YARD CREEK,Shuswap Complex-Late Timing,Current,385,SEL,45025,2393,Stream,50.90768072,-118.8213384,STh,GStr,STh+GStr,SEL-09-03,365
BARRIERE RIVER,Kamloops-Early Summer Timing,Current,386,SEL,46600,258,Stream,51.17371372,-120.1387374,NTh,GStr,NTh+GStr,SEL-10-01,371
CLEARWATER RIVER,Kamloops-Early Summer Timing,Current,387,SEL,46680,266,Stream,51.63318645,-120.0809956,NTh,GStr,NTh+GStr,SEL-10-01,372
DUNN CREEK,Kamloops-Early Summer Timing,Current,388,SEL,69019,263,Stream,51.45876631,-120.1458021,NTh,GStr,NTh+GStr,SEL-10-01,373
FINN CREEK,Kamloops-Early Summer Timing,Current,389,SEL,46782,279,Stream,51.89646724,-119.3237098,NTh,GStr,NTh+GStr,SEL-10-01,374
GROUSE (MOUL) CREEK,Kamloops-Early Summer Timing,Current,390,SEL,3441,15948,Stream,51.8331012,-120.0559253,NTh,GStr,NTh+GStr,SEL-10-01,375
HEMP CREEK,Kamloops-Early Summer Timing,Current,391,SEL,3442,15949,Stream,51.84237911,-120.0668492,NTh,GStr,NTh+GStr,SEL-10-01,376
LEMIEUX CREEK,Kamloops-Early Summer Timing,Current,392,SEL,46640,262,Stream,51.42377413,-120.2004172,NTh,GStr,NTh+GStr,SEL-10-01,377
LYON CREEK,Kamloops-Early Summer Timing,Current,393,SEL,46772,278,Stream,51.88032075,-119.3097596,NTh,GStr,NTh+GStr,SEL-10-01,378
MANN CREEK,Kamloops-Early Summer Timing,Current,394,SEL,46670,265,Stream,51.56645698,-120.1366069,NTh,GStr,NTh+GStr,SEL-10-01,379
NORTH THOMPSON RIVER,Kamloops-Early Summer Timing,Current,395,SEL,46580,256,Stream,50.68230937,-120.3414646,NTh,GStr,NTh+GStr,SEL-10-01,380
RAFT RIVER,Kamloops-Early Summer timing,Current,396,SEL,46710,269,Stream,51.63177174,-119.9911334,NTh,GStr,NTh+GStr,SEL-10-01,381
FENNELL CREEK,North Barriere-Early Summer Timing,Bin,397,SEL,3416,261,Stream,51.34447938,-119.7986751,NTh,GStr,NTh+GStr,SEL-10-03,382
HARPER CREEK,North Barriere-Early Summer Timing,Bin,398,SEL,45028,2395,Stream,51.32005963,-119.8803366,NTh,GStr,NTh+GStr,SEL-10-03,383
NORTH BARRIERE RIVER-ABOVE  NORTH BARRIERE LAKE,North Barriere-Early Summer Timing,Bin,399,SEL,69045,2746,Stream segment,51.35221497,-119.7222111,NTh,GStr,NTh+GStr,SEL-10-03,384
FULMORE RIVER,Fulmore,Current,400,SEL,50730,836,Stream,50.56026559,-125.9387093,SC,SFj,SC+SFj,SEL-11-01,385
HEYDON CREEK,Heydon,Current,401,SEL,50680,831,Stream,50.57674178,-125.5759243,SC,SFj,SC+SFj,SEL-11-02,386
KAKWEIKEN RIVER,Kakweiken,Current,402,SEL,50970,860,Stream,50.8145648,-126.0102383,SC,SFj,SC+SFj,SEL-11-03,387
SCOTT COVE CREEK,Loose,Current,403,SEL,51040,867,Stream,50.76654478,-126.4589818,SC,SFj,SC+SFj,SEL-11-04,388
MACKENZIE RIVER/SC,Mackenzie,Current,404,SEL,51125,876,Stream,50.93357293,-126.6353691,SC,SFj,SC+SFj,SEL-11-05,389
PHILLIPS RIVER,Phillips,Current,405,SEL,50610,824,Stream,50.55498132,-125.3650199,SC,SFj,SC+SFj,SEL-11-06,390
PHILLIPS RIVER,Phillips,Current,406,SEL,50611,824,Stream,50.55498132,-125.3650199,SC,SFj,SC+SFj,SEL-11-06,391
RUBY CREEK/SC,Sakinaw,Current,407,SEL,48719,764,Stream,49.65180018,-124.0681711,SC,GStr,SC+GStr,SEL-11-07,392
TZOONIE RIVER,Tzoonie,Current,408,SEL,48834,776,Stream,49.79144253,-123.7198413,SC,GStr,SC+GStr,SEL-11-09,393
KOKISH RIVER,Ida/Bonanza,Current,409,SEL,52655,1115,Stream,50.52871336,-126.8711745,EVI,SFj,EVI+SFj,SEL-12-01,395
NAHWITTI RIVER,Nahwitti,Current,410,SEL,52520,1101,Stream,50.85617821,-128.0062352,EVI,SFj,EVI+SFj,SEL-12-02,396
NIMPKISH RIVER,Nimpkish,Current,411,SEL,52625,1112,Stream,50.56689782,-126.9794859,EVI,SFj,EVI+SFj,SEL-12-03,397
NIMPKISH RIVER,Nimpkish,Current,412,SEL,52626,1112,Stream,50.56689782,-126.9794859,EVI,SFj,EVI+SFj,SEL-12-03,398
QUATSE RIVER,Quatse,Current,413,SEL,52565,1106,Stream,50.69853943,-127.4797992,EVI,SFj,EVI+SFj,SEL-12-05,399
SCHOEN CREEK,Schoen,Current,414,SEL,61068,23700,Stream,50.16350369,-126.2761557,EVI,SFj,EVI+SFj,SEL-12-06,400
SHUSHARTIE RIVER,Shushartie,Current,415,SEL,52530,1102,Stream,50.84575318,-127.868788,EVI,SFj,EVI+SFj,SEL-12-07,401
WOSS RIVER,Woss,Current,416,SEL,7512,3433,Stream,50.22298712,-126.6387978,EVI,SFj,EVI+SFj,SEL-12-08,402
SEBALHALL CREEK,Vernon,Current,417,SEL,64503,23742,Stream,50.07308784,-126.4536785,EVI,SFj,EVI+SFj,SEL-12-09,403
VERNON LAKE,Vernon,Current,418,SEL,69037,17900,Lake,50.03888051,-126.4305866,EVI,SFj,EVI+SFj,SEL-12-09,404
MARBLE RIVER,Alice,Current,419,SEL,39950,1455,Stream,50.53776312,-127.5187813,WVI,WQCI,WVI+WQCI,SEL-13-01,405
CANOE CREEK/WVI,Canoe Creek,Current,420,SEL,39720,1432,Stream,50.23053582,-127.7594261,WVI,WQCI,WVI+WQCI,SEL-13-02,406
CECILIA CREEK,Cecilia,Current,421,SEL,41180,1342,Stream,49.42818148,-126.2146501,WVI,WVI,WVI+WVI,SEL-13-03,407
CHEEWHAT RIVER,Cheewat,Current,422,SEL,40345,1241,Stream,48.66234813,-124.8143364,WVI,WVI,WVI+WVI,SEL-13-04,408
CLAYOQUOT RIVER,Clayoquot,Current,423,SEL,3210,2487,Stream,49.18294576,-125.5393312,WVI,WVI,WVI+WVI,SEL-13-05,409
CLAYOQUOT RIVER-UPPER,Clayoquot,Current,424,SEL,52155,1311,Stream segment,49.20147402,-125.5123605,WVI,WVI,WVI+WVI,SEL-13-05,410
DESERTED CREEK,Deserted,Current,425,SEL,41460,1372,Stream,49.75735731,-126.5091426,WVI,WVI,WVI+WVI,SEL-13-06,411
LENS CREEK,Fairy,Current,426,SEL,40305,1237,Stream,48.5869292,-124.2570604,WVI,WVI,WVI+WVI,SEL-13-07,412
RENFREW CREEK,Fairy,Current,427,SEL,40275,1234,Stream,48.58431792,-124.3448623,WVI,WVI,WVI+WVI,SEL-13-07,413
SAN JUAN RIVER,Fairy,Current,428,SEL,40245,1231,Stream,48.56008206,-124.3987958,WVI,WVI,WVI+WVI,SEL-13-07,414
GREAT CENTRAL LAKE,Great Central,Current,429,SEL,3310,3416,Lake,49.32764265,-124.9826436,WVI,WVI,WVI+WVI,SEL-13-08,415
HENDERSON LAKE CREEK,Henderson,Current,430,SEL,40640,1273,Stream,49.02059272,-125.0430033,WVI,WVI,WVI+WVI,SEL-13-09,416
HESQUIAT LAKE CREEK,Hesquiat,Current,431,SEL,41240,1348,Stream,49.47448883,-126.4024779,WVI,WVI,WVI+WVI,SEL-13-10,417
HOBITON CREEK,Hobiton,Current,432,SEL,40380,1245,Stream,48.77461034,-124.7379799,WVI,WVI,WVI+WVI,SEL-13-11,418
JANSEN LAKE CREEK,Jansen,Current,433,SEL,39610,1421,Stream,50.1182045,-127.2943891,WVI,WVI,WVI+WVI,SEL-13-12,419
KANIM LAKE CREEK,Kanim,Current,434,SEL,41220,1346,Stream,49.39972669,-126.3489546,WVI,WVI,WVI+WVI,SEL-13-13,420
ANGORA CREEK,Kennedy,Current,435,SEL,52180,1314,Stream,49.09076737,-125.5178432,WVI,WVI,WVI+WVI,SEL-13-14,421
CLAYOQUOT RIVER-LOWER,Kennedy,Current,436,SEL,52145,1310,Stream segment,49.18247057,-125.5381223,WVI,WVI,WVI+WVI,SEL-13-14,422
COLD CREEK/WVI,Kennedy,Current,437,SEL,52165,1312,Stream,49.18210731,-125.5375059,WVI,WVI,WVI+WVI,SEL-13-14,423
KENNEDY LAKE BEACHES,Kennedy,Current,438,SEL,52080,1303,Lake Portion,49.04108646,-125.5914254,WVI,WVI,WVI+WVI,SEL-13-14,424
KENNEDY LAKE FEEDER STREAMS,Kennedy,Current,439,SEL,52090,7990617,Stream Aggregate,49.12854126,-125.4353764,WVI,WVI,WVI+WVI,SEL-13-14,425
KENNEDY LAKE FEEDER STREAMS #2,Kennedy,Current,440,SEL,61002,23720,Stream,49.0334638,-125.5524104,WVI,WVI,WVI+WVI,SEL-13-14,426
KENNEDY LAKE-CLAYOQUOT ARM BEACHES,Kennedy,Current,441,SEL,52120,1307,Lake Portion,49.11621299,-125.5600689,WVI,WVI,WVI+WVI,SEL-13-14,427
KENNEDY RIVER-LOWER,Kennedy,Current,442,SEL,52110,1306,Stream segment,49.13683331,-125.6681491,WVI,WVI,WVI+WVI,SEL-13-14,428
KENNEDY RIVER-UPPER,Kennedy,Current,443,SEL,52100,1305,Stream segment,49.1281741,-125.4337658,WVI,WVI,WVI+WVI,SEL-13-14,429
MAGGIE RIVER,Maggie,Current,444,SEL,39540,1290,Stream,48.98569233,-125.3937891,WVI,WVI,WVI+WVI,SEL-13-15,430
MEGIN RIVER,Megin,Current,445,SEL,41170,1341,Stream,49.43733128,-126.085105,WVI,WVI,WVI+WVI,SEL-13-16,431
GOLD RIVER,Muchalat,Current,446,SEL,41340,1358,Stream,49.68075743,-126.1127788,WVI,WVI,WVI+WVI,SEL-13-17,432
MUCHALAT RIVER,Muchalat,Current,447,SEL,41360,1361,Stream,49.84395535,-126.0966488,WVI,WVI,WVI+WVI,SEL-13-17,433
OKTWANCH RIVER,Muchalat,Current,448,SEL,41365,1362,Stream,49.88139348,-126.1754707,WVI,WVI,WVI+WVI,SEL-13-17,434
MURIEL LAKE,Muriel,Current,449,SEL,52130,1308,Lake,49.12404568,-125.614759,WVI,WVI,WVI+WVI,SEL-13-18,435
MURIEL LAKE CREEK,Muriel,Current,450,SEL,81325094,2488,Stream,49.12383726,-125.6491113,WVI,WVI,WVI+WVI,SEL-13-18,436
MURIEL S1 CREEK,Muriel,Current,451,SEL,44552,2486,Stream,49.13057567,-125.6208807,WVI,WVI,WVI+WVI,SEL-13-18,437
CAYCUSE RIVER,Nitinat,Current,452,SEL,40390,1246,Stream,48.79649784,-124.6821431,WVI,WVI,WVI+WVI,SEL-13-19,438
NITINAT RIVER,Nitinat,Current,453,SEL,40355,1242,Stream,48.67019777,-124.8510914,WVI,WVI,WVI+WVI,SEL-13-19,439
MAHATTA CREEK,O'Connell,Current,454,SEL,39800,1440,Stream,50.45770728,-127.8656155,WVI,WQCI,WVI+WQCI,SEL-13-20,440
PARK RIVER,Park River,Current,455,SEL,41755,1402,Stream,49.88612861,-126.9890604,WVI,WVI,WVI+WVI,SEL-13-22,441
POWER RIVER,Power,Current,456,SEL,39680,1428,Stream,50.18099605,-127.4804646,WVI,WVI,WVI+WVI,SEL-13-23,442
SPROAT LAKE,Sproat,Current,457,SEL,3325,3444,Lake,49.28801087,-124.9153347,WVI,WVI,WVI+WVI,SEL-13-25,443
FISHERMAN RIVER,William/Brink,Current,458,SEL,42415,1491,Stream,50.77343117,-128.3468064,WVI,WQCI,WVI+WQCI,SEL-13-26,444
CANOE CREEK/RSI,Long,Current,459,SEL,49694,915,Stream,51.25985035,-127.0153497,RSI,HStr,RSI+HStr,SEL-15-01,447
DOCEE RIVER,Long,Current,460,SEL,49689,914,Stream,51.23282891,-127.3392172,RSI,HStr,RSI+HStr,SEL-15-01,448
SMOKEHOUSE CREEK,Long,Current,461,SEL,49699,916,Stream,51.28851091,-127.0476257,RSI,HStr,RSI+HStr,SEL-15-01,449
ASHLULM CREEK,Owikeno,Current,462,SEL,51620,939,Stream,51.68916194,-126.9007227,RSI,HStr,RSI+HStr,SEL-15-02,450
DALLERY CREEK,Owikeno,Current,463,SEL,51615,938,Stream,51.67301235,-127.0435318,RSI,HStr,RSI+HStr,SEL-15-02,451
INZIANA RIVER,Owikeno,Current,464,SEL,51645,944,Stream,51.83064575,-126.6820134,RSI,HStr,RSI+HStr,SEL-15-02,452
MACHMELL RIVER,Owikeno,Current,465,SEL,51625,940,Stream,51.65522075,-126.698239,RSI,HStr,RSI+HStr,SEL-15-02,453
NEECHANZ RIVER,Owikeno,Current,466,SEL,51630,941,Stream,51.64727683,-126.6905604,RSI,HStr,RSI+HStr,SEL-15-02,454
OWIKENO LAKE,Owikeno,Current,467,SEL,51605,936,Lake,51.68563764,-127.1652761,RSI,HStr,RSI+HStr,SEL-15-02,455
SHEEMAHANT RIVER,Owikeno,Current,468,SEL,51640,943,Stream,51.74119902,-126.6291234,RSI,HStr,RSI+HStr,SEL-15-02,456
TZEO RIVER,Owikeno,Current,469,SEL,51655,946,Stream,51.84463194,-126.6675986,RSI,HStr,RSI+HStr,SEL-15-02,457
WASHWASH RIVER,Owikeno,Current,470,SEL,51650,945,Stream,51.84429653,-126.6641347,RSI,HStr,RSI+HStr,SEL-15-02,458
WANNOCK RIVER,Wannock[Owikeno],Current,471,SEL,50455,935,Stream,51.67892496,-127.2521096,RSI,HStr,RSI+HStr,SEL-15-04,461
S ATNARKO ABOVE LONESOME,South Atnarko Lakes,Current,472,SEL,61057,23701,Stream segment,52.18991605,-125.7114207,BCD,HStr,BCD+HStr,SEL-16-01,462
S ATNARKO ABOVE RAINBOW,South Atnarko Lakes,Current,473,SEL,61056,23702,Stream segment,52.0954199,-125.7192902,BCD,HStr,BCD+HStr,SEL-16-01,463
ZYMOETZ RIVER-UPPER ABOVE ALDRICH,South Atnarko Lakes,Current,474,SEL,61058,23704,Stream segment,54.75505275,-127.3594398,LSK,NSKEst,LSK+NSKEst,SEL-16-01,464
AIN RIVER,Ain/Skundale/Ian,Current,475,SEL,40980,1563,Stream,53.73695665,-132.424368,HG,NQCI,HG+NQCI,SEL-17-01,465
AWUN RIVER,Awun,Current,476,SEL,41000,1567,Stream,53.65265357,-132.5228504,HG,NQCI,HG+NQCI,SEL-17-02,466
FAIRFAX CREEK,Fairfax,Current,477,SEL,43135,1650,Stream,52.71722248,-131.9815307,HG,WQCI,HG+WQCI,SEL-17-03,467
JALUN RIVER,Jalun,Current,478,SEL,40945,1556,Stream,54.12453719,-132.7990856,HG,NQCI,HG+NQCI,SEL-17-04,468
MATHERS CREEK,Mathers,Current,479,SEL,42025,1695,Stream,53.01686658,-131.7761486,HG,HStr,HG+HStr,SEL-17-06,469
MERCER CREEK,Mercer,Current,480,SEL,40905,1548,Stream,53.58270345,-132.9003866,HG,WQCI,HG+WQCI,SEL-17-07,470
COPPER CREEK,Skidegate,Current,481,SEL,41060,1579,Stream,53.1608163,-131.8008066,HG,HStr,HG+HStr,SEL-17-08,471
YAKOUN RIVER,Yakoun,Current,482,SEL,41020,1571,Stream,53.64710965,-132.2033528,HG,NQCI,HG+NQCI,SEL-17-09,472
GOLD CREEK/STh,Marie,Current,483,SEL,64504,301120,Stream,51.74281707,-119.1459425,STh,GStr,STh+GStr,SEL-17-10,473
GOLD CREEK-UPPER,Marie,Current,484,SEL,69038,23744,Stream segment,53.4952406,-132.3330692,HG,NQCI,HG+NQCI,SEL-17-10,474
MARIE LAKE,Marie,Current,485,SEL,69040,3432,Lake,53.49610955,-132.3236512,HG,NQCI,HG+NQCI,SEL-17-10,475
CANOONA RIVER,Canoona,Current,486,SEL,42785,1838,Stream,53.07370077,-128.569743,NC,HStr,NC+HStr,SEL-18-02,476
EVELYN CREEK,Evelyn,Current,487,SEL,44150,1906,Stream,53.58475422,-128.9541169,NC,HStr,NC+HStr,SEL-18-04,477
KAINET CREEK,Kainet Creek,Current,488,SEL,51980,1010,Stream,52.75553537,-127.8814783,NC,HStr,NC+HStr,SEL-18-05,478
KIMSQUIT RIVER,Kimsquit,Current,489,SEL,51815,977,Stream,52.88421833,-127.0804214,NC,HStr,NC+HStr,SEL-18-06,479
KITKIATA CREEK,Kitkiata,Current,490,SEL,52435,1085,Stream,53.63898933,-129.2727339,NC,HStr,NC+HStr,SEL-18-07,480
KITLOPE RIVER,Kitlope,Current,491,SEL,50270,7990614,Stream,53.21087108,-127.8439671,NC,HStr,NC+HStr,SEL-18-08,481
PINE RIVER,Pine River,Current,492,SEL,51915,997,Stream,52.65325236,-128.0522284,NC,HStr,NC+HStr,SEL-18-09,482
BANKS LAKES CREEK,Banks,Current,493,SEL,44330,1942,Stream,53.37841162,-130.1862359,HecLow,HStr,HecLow+HStr,SEL-19-01,483
BLOOMFIELD CREEK,Bloomfield,Current,494,SEL,43815,1844,Stream,52.85660524,-128.6816781,HecLow,HStr,HecLow+HStr,SEL-19-02,484
BOLTON CREEK/HecLow,Bolton Creek,Current,495,SEL,44295,1935,Stream,53.40831385,-129.9395073,HecLow,HStr,HecLow+HStr,SEL-19-03,485
BONILLA LAKE CREEK,Bonilla,Current,496,SEL,44340,1944,Stream,53.51066717,-130.2959468,HecLow,HStr,HecLow+HStr,SEL-19-04,486
CRIDGE INLET CREEK,Tuwartz,Current,497,SEL,44205,1917,Stream,53.34342849,-129.549672,HecLow,HStr,HecLow+HStr,SEL-19-09,487
COOPER INLET-FANNIE COVE CREEKS,Fannie Cove,Current,498,SEL,43690,1791,Stream Aggregate,52.04338288,-128.0688591,HecLow,HStr,HecLow+HStr,SEL-19-10,488
COOPER INLET-FANNIE COVE R/H CREEK,Fannie Cove,Current,499,SEL,3446,2708,Stream,52.04338288,-128.0688591,HecLow,HStr,HecLow+HStr,SEL-19-10,489
CURTIS INLET CREEK,Curtis Inlet,Current,500,SEL,44245,1925,Stream,53.50088446,-129.8621889,HecLow,HStr,HecLow+HStr,SEL-19-11,490
DEVON LAKE CREEK,Devon,Current,501,SEL,44240,1924,Stream,53.45326067,-129.7717555,HecLow,HStr,HecLow+HStr,SEL-19-14,491
BEAVER CREEK/HecLow,Elsie/Hoy,Current,502,SEL,51700,955,Stream,51.53788137,-127.7465335,HecLow,HStr,HecLow+HStr,SEL-19-17,492
END HILL CREEK,End Hill Creek,Current,503,SEL,44285,1933,Stream,53.59392578,-130.3627028,HecLow,HStr,HecLow+HStr,SEL-19-18,493
KLEWNUGGIT INLET CREEK,Freeda/Brodie,Current,504,SEL,52475,1093,Stream,53.66974776,-129.7123294,HecLow,HStr,HecLow+HStr,SEL-19-20,494
GULL CREEK,Higgins Lagoon,Current,505,SEL,42700,1821,Stream,52.50757552,-128.6819375,HecLow,HStr,HecLow+HStr,SEL-19-23,495
KDELMASHAN CREEK,Kdelmashan Creek,Current,506,SEL,44020,1880,Stream,52.53002199,-129.0468662,HecLow,HStr,HecLow+HStr,SEL-19-25,496
KEECHA CREEK,Keecha,Current,507,SEL,44305,1937,Stream,53.30918104,-129.8300405,HecLow,HStr,HecLow+HStr,SEL-19-26,497
KENT INLET LAGOON CREEK,Kent Inlet Lagoon Creek,Current,508,SEL,43925,1861,Stream,52.74182045,-128.9800594,HecLow,HStr,HecLow+HStr,SEL-19-27,498
KILDIDT LAGOON CREEK #2,Kildidt Lagoon Creek,Current,509,SEL,43675,1788,Stream,51.94539318,-128.0196668,HecLow,HStr,HecLow+HStr,SEL-19-31,499
KISAMEET RIVER,Kisameet,Current,510,SEL,43700,1793,Stream,51.96647369,-127.8776031,HecLow,HStr,HecLow+HStr,SEL-19-32,500
KOEYE RIVER,Koeye,Current,511,SEL,51710,957,Stream,51.78038626,-127.8624678,HecLow,HStr,HecLow+HStr,SEL-19-33,501
KOORYET CREEK,Kooryet,Current,512,SEL,44300,1936,Stream,53.34198737,-129.8836628,HecLow,HStr,HecLow+HStr,SEL-19-34,502
KWAKWA CREEK,Kwakwa Creek,Current,513,SEL,42710,1823,Stream,52.55745612,-128.7078729,HecLow,HStr,HecLow+HStr,SEL-19-36,503
LIMESTONE CREEK/HecLow,Limestone Creek,Current,514,SEL,43990,1874,Stream,52.69264265,-129.0611326,HecLow,HStr,HecLow+HStr,SEL-19-38,504
MARY COVE CREEK,Mary Cove Creek,Current,515,SEL,42745,1830,Stream,52.61785937,-128.4344276,HecLow,HStr,HecLow+HStr,SEL-19-40,505
MIKADO LAKE CREEK,Mikado,Current,516,SEL,44235,1923,Stream,53.43178997,-129.8264685,HecLow,HStr,HecLow+HStr,SEL-19-43,506
NAMU RIVER,Namu,Current,517,SEL,51720,959,Stream,51.85649427,-127.8649717,HecLow,HStr,HecLow+HStr,SEL-19-45,507
HOOK NOSE CREEK,Port John,Current,518,SEL,43715,1796,Stream,52.12451055,-127.8380071,HecLow,HStr,HecLow+HStr,SEL-19-46,508
POWLES CREEK,Powles Creek,Current,519,SEL,43805,1842,Stream,52.70301475,-128.7413868,HecLow,HStr,HecLow+HStr,SEL-19-47,509
DIANA LAKE CREEK,Prudhomme,Current,520,SEL,43400,1733,Stream,54.23707273,-130.1560313,HecLow,NSKEst,HecLow+NSKEst,SEL-19-49,510
KLOIYA RIVER,Prudhomme,Current,521,SEL,43395,1732,Stream,54.24813327,-130.1926363,HecLow,NSKEst,HecLow+NSKEst,SEL-19-49,511
PRUDHOMME CREEK,Prudhomme,Current,522,SEL,43405,1734,Stream,54.24474894,-130.1150338,HecLow,NSKEst,HecLow+NSKEst,SEL-19-49,512
RYAN CREEK,Ryan Creek,Current,523,SEL,44365,1949,Stream,53.61722837,-130.1315841,HecLow,HStr,HecLow+HStr,SEL-19-51,513
SALTER LAKE CREEK,Salter,Current,524,SEL,44195,1915,Stream,53.56703642,-129.6573405,HecLow,HStr,HecLow+HStr,SEL-19-52,514
CAPTAIN COVE CREEK,Scoular/Kilpatrick,Current,525,SEL,44275,1931,Stream,53.81330299,-130.1714156,HecLow,HStr,HecLow+HStr,SEL-19-53,515
SHAWATLAN RIVER,Shawatlan,Current,526,SEL,43415,1736,Stream,54.32433298,-130.2541525,HecLow,NSKEst,HecLow+NSKEst,SEL-19-54,516
SPENCER CREEK,Spencer Creek,Current,527,SEL,44290,1934,Stream,53.5167515,-130.1236448,HecLow,HStr,HecLow+HStr,SEL-19-57,517
TALAMOOSA CREEK,Talamoosa Creek,Current,528,SEL,43920,1860,Stream,52.71896076,-128.9779319,HecLow,HStr,HecLow+HStr,SEL-19-59,518
TANKEEAH RIVER,Tankeeah River,Current,529,SEL,51935,1001,Stream,52.29818492,-128.2615901,HecLow,HStr,HecLow+HStr,SEL-19-60,519
TSIMTACK LAKE CREEK,Tsimtack Lakes,Current,530,SEL,44200,1916,Stream,53.38128565,-129.4663289,HecLow,HStr,HecLow+HStr,SEL-19-62,520
TUNO CREEK-WEST,Tuno Creek West,Current,531,SEL,51945,1003,Stream,52.29119889,-128.3626696,HecLow,HStr,HecLow+HStr,SEL-19-64,521
WALE CREEK,Wale Creek,Current,532,SEL,43935,1863,Stream,52.83847096,-129.0012281,HecLow,HStr,HecLow+HStr,SEL-19-66,522
KWAKUSDIS RIVER,Yeo,Current,533,SEL,43260,1813,Stream,52.30378075,-128.1181732,HecLow,HStr,HecLow+HStr,SEL-19-70,523
ALASTAIR LAKE,Alastair,Current,534,SEL,48534,461,Lake,54.12901782,-129.1878075,LSK,NSKEst,LSK+NSKEst,SEL-20-01,524
KADEEN CREEK,Alastair,Current,535,SEL,48549,465,Stream,54.14988332,-129.1975298,LSK,NSKEst,LSK+NSKEst,SEL-20-01,525
SOUTHEND CREEK,Alastair,Current,536,SEL,48559,467,Stream segment,54.06852661,-129.1917104,LSK,NSKEst,LSK+NSKEst,SEL-20-01,526
WESTSIDE CREEK,Alastair,Current,537,SEL,48554,466,Stream,54.11298476,-129.1874716,LSK,NSKEst,LSK+NSKEst,SEL-20-01,527
ZYMOETZ RIVER-UPPER ABOVE ALDRICH,Aldrich,Current,538,SEL,61053,23704,Stream segment,54.75505275,-127.3594398,LSK,NSKEst,LSK+NSKEst,SEL-20-02,528
ZYMOETZ RIVER-UPPER ABOVE DENNIS,Dennis,Current,539,SEL,61052,23705,Stream segment,54.76393413,-127.4221311,LSK,NSKEst,LSK+NSKEst,SEL-20-03,529
ECSTALL RIVER,Ecstall/Lower,Current,540,SEL,48464,447,Stream,54.16803318,-129.9525271,LSK,NSKEst,LSK+NSKEst,SEL-20-04,530
JOHNSTON CREEK/LSK,Johnston,Current,541,SEL,48499,454,Stream,53.85729051,-129.4895293,LSK,NSKEst,LSK+NSKEst,SEL-20-05,531
JOHNSTON LAKE,Johnston,Current,542,SEL,48504,455,Lake,53.86327115,-129.4815743,LSK,NSKEst,LSK+NSKEst,SEL-20-05,532
ALICE CREEK,Kitsumkalum,Current,543,SEL,44883,2344,Stream,54.67929384,-128.7542137,LSK,NSKEst,LSK+NSKEst,SEL-20-06,533
CEDAR RIVER,Kitsumkalum,Current,544,SEL,47805,531,Stream,54.83428665,-128.8467214,LSK,NSKEst,LSK+NSKEst,SEL-20-06,534
CLEAR CREEK/LSK,Kitsumkalum,Current,545,SEL,47800,530,Stream,54.82557831,-128.7930591,LSK,NSKEst,LSK+NSKEst,SEL-20-06,535
DRY CREEK,Kitsumkalum,Current,546,SEL,47795,529,Stream,54.82342948,-128.7825776,LSK,NSKEst,LSK+NSKEst,SEL-20-06,536
GOAT CREEK/LSK,Kitsumkalum,Current,547,SEL,47785,527,Stream,54.72242402,-128.77566,LSK,NSKEst,LSK+NSKEst,SEL-20-06,537
KITSUMKALUM LAKE,Kitsumkalum,Current,548,SEL,47745,519,Lake,54.72294737,-128.776996,LSK,NSKEst,LSK+NSKEst,SEL-20-06,538
KITSUMKALUM RIVER-UPPER,Kitsumkalum,Current,549,SEL,47750,520,Stream segment,54.81025766,-128.7950166,LSK,NSKEst,LSK+NSKEst,SEL-20-06,539
WESACH CREEK,Kitsumkalum,Current,550,SEL,47790,528,Stream,54.80795262,-128.7715971,LSK,NSKEst,LSK+NSKEst,SEL-20-06,540
ANDALAS CREEK,Lakelse,Current,551,SEL,47695,509,Stream,54.34872215,-128.5934167,LSK,NSKEst,LSK+NSKEst,SEL-20-07,541
BLACKWATER CREEK/LSK,Lakelse,Current,552,SEL,47730,516,Stream,54.41428644,-128.5296668,LSK,NSKEst,LSK+NSKEst,SEL-20-07,542
CLEARWATER CREEK/LSK,Lakelse,Current,553,SEL,47700,510,Stream,54.34522514,-128.5898373,LSK,NSKEst,LSK+NSKEst,SEL-20-07,543
FURLONG CREEK,Lakelse,Current,554,SEL,47725,515,Stream,54.39632448,-128.5292274,LSK,NSKEst,LSK+NSKEst,SEL-20-07,544
GAINEY CREEK,Lakelse,Current,555,SEL,7005,19724,Stream,54.37607389,-128.5484526,LSK,NSKEst,LSK+NSKEst,SEL-20-07,545
HATCHERY CREEK,Lakelse,Current,556,SEL,47715,513,Stream,54.38015788,-128.5483641,LSK,NSKEst,LSK+NSKEst,SEL-20-07,546
NORTH GRANITE CREEK,Lakelse,Current,557,SEL,47720,514,Stream,54.39247318,-128.5310544,LSK,NSKEst,LSK+NSKEst,SEL-20-07,547
SCHULBUCKHAND CREEK,Lakelse,Current,558,SEL,47705,511,Stream,54.35541362,-128.5674111,LSK,NSKEst,LSK+NSKEst,SEL-20-07,548
SOCKEYE CREEK/LSK,Lakelse,Current,559,SEL,47740,518,Stream,54.42551389,-128.5306836,LSK,NSKEst,LSK+NSKEst,SEL-20-07,549
WILLIAMS CREEK/LSK,Lakelse,Current,560,SEL,47735,517,Stream,54.41367649,-128.5322759,LSK,NSKEst,LSK+NSKEst,SEL-20-07,550
ZYMOETZ RIVER-UPPER,Mcdonell,Current,561,SEL,47820,534,Stream segment,54.47792182,-127.9334988,LSK,NSKEst,LSK+NSKEst,SEL-20-08,551
ZYMOETZ RIVER-UPPER ABOVE MCDONELL,Mcdonell,Current,562,SEL,61045,23706,Stream segment,54.78653004,-127.5588278,LSK,NSKEst,LSK+NSKEst,SEL-20-08,552
ZYMOETZ RIVER-UPPER BELOW MCDONELL,Mcdonell,Current,563,SEL,61041,23707,Stream segment,54.7833761,-127.6391147,LSK,NSKEst,LSK+NSKEst,SEL-20-08,553
ATNA RIVER-UPPER,Atna,Current,564,SEL,61082,23708,Stream segment,54.01944372,-127.8284889,MSK,NSKEst,MSK+NSKEst,SEL-21-01,554
BABINE LAKE,Babine,Current,565,SEL,45452,2107,Lake,55.27790244,-126.6063978,MSK,NSKEst,MSK+NSKEst,SEL-21-02,555
SWAN LAKE UNNAMED CREEK #2,Stephens,Current,566,SEL,3044,2736,Stream,55.75271235,-128.6107509,MSK,NSKEst,MSK+NSKEst,SEL-21-09,606
WILLIAMS LAKE CREEK,Stephens,Current,567,SEL,49349,590,Stream,55.87204854,-128.6418166,MSK,NSKEst,MSK+NSKEst,SEL-21-09,607
TAHLO CREEK,Tahlo/Morrison,Current,568,SEL,49414,602,Stream,55.29169626,-126.4167853,MSK,NSKEst,MSK+NSKEst,SEL-21-11,608
TAHLO CREEK-UPPER,Tahlo/Morrison,Current,569,SEL,49409,603,Stream segment,55.33984647,-126.4788283,MSK,NSKEst,MSK+NSKEst,SEL-21-11,609
HODDER LAKE CREEK,Footsore/Hodder,Current,570,SEL,49324,584,Stream,55.73152636,-128.464747,MSK,NSKEst,MSK+NSKEst,SEL-21-12,610
ASITKA RIVER,Asitika,Current,571,SEL,48129,625,Stream,56.39412073,-126.7884946,USK,NSKEst,USK+NSKEst,SEL-22-01,611
AZUKLOTZ CREEK,Azuklotz,Current,572,SEL,48124,624,Stream,56.09155332,-126.7456458,USK,NSKEst,USK+NSKEst,SEL-22-02,612
BEAR LAKE/USK,Bear,Current,573,SEL,48114,622,Lake,56.18626576,-126.8653709,USK,NSKEst,USK+NSKEst,SEL-22-03,613
BEAR RIVER/USK,Bear,Current,574,SEL,48109,621,Stream,56.2795524,-126.9709726,USK,NSKEst,USK+NSKEst,SEL-22-03,614
SALIX CREEK,Bear,Current,575,SEL,48119,623,Stream,56.13322835,-126.8292936,USK,NSKEst,USK+NSKEst,SEL-22-03,615
DAMSHILGWIT CREEK,Damshilgwit,Current,576,SEL,47645,499,Stream,56.39714816,-127.9229215,USK,NSKEst,USK+NSKEst,SEL-22-04,616
JOHANSON CREEK,Johanson,Current,577,SEL,48139,627,Stream,56.64480804,-126.4955022,USK,NSKEst,USK+NSKEst,SEL-22-05,617
KLUATANTAN RIVER,Kluatantan,Current,578,SEL,47655,501,Stream,56.82967335,-128.1497046,USK,NSKEst,USK+NSKEst,SEL-22-06,618
KLUAYAZ CREEK,Kluayaz,Current,579,SEL,47665,503,Stream,57.01220177,-128.195485,USK,NSKEst,USK+NSKEst,SEL-22-07,619
MOTASE LAKE,Motase,Current,580,SEL,47650,7990593,Lake,56.04902927,-127.0380756,USK,NSKEst,USK+NSKEst,SEL-22-08,620
SICINTINE RIVER,Sicintine,Current,581,SEL,45432,7990627,Stream,56.04263558,-127.9585233,USK,NSKEst,USK+NSKEst,SEL-22-09,621
SHILAHOU CREEK,Slamgeesh,Current,582,SEL,3257,2711,Stream,56.39739272,-127.9266351,USK,NSKEst,USK+NSKEst,SEL-22-10,622
SLAMGEESH RIVER,Slamgeesh,Current,583,SEL,47640,498,Stream,56.29083535,-127.7693938,USK,NSKEst,USK+NSKEst,SEL-22-10,623
SPAWNING LAKE,Spawning,Current,584,SEL,48144,628,Lake,56.58243138,-126.2625511,USK,NSKEst,USK+NSKEst,SEL-22-11,624
SUSTUT RIVER,Sustut,Current,585,SEL,48104,620,Stream,56.31706199,-127.3688016,USK,NSKEst,USK+NSKEst,SEL-22-12,625
BOWSER RIVER,Bowser,Current,586,SEL,48344,7990600,Stream,56.35811112,-129.3167422,UNR,NSKEst,UNR+NSKEst,SEL-24-01,626
DAMDOCHAX CREEK,Damdochax/Wiminasik,Current,587,SEL,48364,7990604,Stream,56.53156589,-128.3159485,UNR,NSKEst,UNR+NSKEst,SEL-24-02,627
BONNEY CREEK,Fred Wright,Current,588,SEL,61069,23710,Stream,55.95143077,-128.7506716,UNR,NSKEst,UNR+NSKEst,SEL-24-03,628
KWINAGEESE RIVER,Fred Wright,Current,589,SEL,48299,659,Stream,56.19313196,-128.7947508,UNR,NSKEst,UNR+NSKEst,SEL-24-03,629
KWINAGEESE RIVER-UPPER,Kwinageese,Current,590,SEL,61043,23711,Stream segment,56.0672633,-128.8296866,UNR,NSKEst,UNR+NSKEst,SEL-24-04,630
HANNA CREEK/UNR,Meziadin,Current,591,SEL,61042,23712,Stream,56.07384701,-129.2948784,UNR,NSKEst,UNR+NSKEst,SEL-24-05,631
MEZIADIN RIVER,Meziadin,Current,592,SEL,48334,7990598,Stream,56.0238992,-129.1485969,UNR,NSKEst,UNR+NSKEst,SEL-24-05,632
TINTINA CREEK,Meziadin,Current,593,SEL,61054,23713,Stream,56.0581337,-129.2697636,UNR,NSKEst,UNR+NSKEst,SEL-24-05,633
OWEEGEE CREEK,Oweegee,Current,594,SEL,48349,7990602,Stream,56.62853205,-129.7012581,UNR,NSKEst,UNR+NSKEst,SEL-24-06,634
BORDER LAKE,Border,Current,595,SEL,61081,23714,Lake,56.35207616,-130.7307886,UNUK,TBFj,UNUK+TBFj,SEL-25-01,635
CHRISTINA CREEK,Christina,Current,596,SEL,45492,2145,Stream,57.23821903,-131.8612991,LStk,TBFj,LStk+TBFj,SEL-26-01,636
TAHLTAN RIVER,Tahltan,Current,597,SEL,45144,2199,Stream,58.01056704,-130.9790603,LStk,TBFj,LStk+TBFj,SEL-26-02,637
CHUTINE RIVER,Chutine,Current,598,SEL,45143,2196,Stream,57.65237882,-131.6324917,LStk,TBFj,LStk+TBFj,SEL-26-03,638
SOUTH WHITING RIVER,Whiting,Current,599,SEL,64501,23745,Stream,58.22478889,-132.9910957,Whtng,TBFj,Whtng+TBFj,SEL-27-01,639
KUTHAI LAKE,Kuthai,Current,600,SEL,44575,2490,Lake,59.23088759,-133.2336383,Taku,TBFj,Taku+TBFj,SEL-28-01,640
LITTLE TRAPPER LAKE,Little Trapper,Current,601,SEL,45160,2222,Lake,58.49610145,-132.6049502,Taku,TBFj,Taku+TBFj,SEL-28-02,641
TATSATUA CREEK-UPPER,Tatsamenie,Current,602,SEL,45151,2211,Stream segment,58.44238938,-132.3921215,Taku,TBFj,Taku+TBFj,SEL-28-03,642
KING SALMON CREEK,King Salmon,Current,603,SEL,61039,23656,Stream,58.7945231,-133.297243,Taku,TBFj,Taku+TBFj,SEL-28-05,643
BLANCHARD RIVER,Blanchard,Current,604,SEL,61006,2334,Stream,60.03080056,-136.8928712,Alsek,AKCst,Alsek+AKCst,SEL-30-01,644
KLUKSHU RIVER,Klukshu,Current,605,SEL,44855,2332,Stream,60.11648018,-137.034567,Alsek,AKCst,Alsek+AKCst,SEL-30-02,645
NESKETAHIN LAKE,Neskatahin,Current,606,SEL,44862,2339,Lake,60.1740255,-137.0754634,Alsek,AKCst,Alsek+AKCst,SEL-30-03,646
HAGGEN CREEK,Bowron-Early Summer Timing,Current,607,SEL,7745,158,Stream,53.57654718,-121.627161,UFR,GStr,UFR+GStr,SEL-07-01,655
ROSS CREEK,Shuswap Complex-Late Timing,Current,608,SEL,46308,227,Stream,50.96191015,-119.2409983,STh,GStr,STh+GStr,SEL-09-03,657
